-1.30895,inf
-1.30868,inf
-1.30861,inf
-1.30855,inf
-1.30827,inf
-1.30815,inf
-1.30809,inf
-1.30782,inf
-1.3076,inf
-1.30744,inf
-1.30724,inf
-1.30698,inf
-1.30676,inf
-1.3067,inf
-1.30636,inf
-1.30587,inf
-1.30565,inf
-1.30544,inf
-1.30513,inf
-1.30479,inf
-1.30434,inf
-1.3041,inf
-1.30393,inf
-1.30353,inf
-1.30317,inf
-1.30287,inf
-1.30256,inf
-1.30218,inf
-1.30184,inf
-1.30168,inf
-1.30121,inf
-1.3007,inf
-1.30048,inf
-1.3001,inf
-1.29967,inf
-1.29913,inf
-1.29878,inf
-1.29848,inf
-1.2981,inf
-1.2977,inf
-1.29729,inf
-1.29688,inf
-1.29631,inf
-1.29595,inf
-1.2956,inf
-1.29519,inf
-1.29484,inf
-1.29438,inf
-1.29388,inf
-1.2934,inf
-1.29298,inf
-1.29268,inf
-1.29224,inf
-1.29175,inf
-1.29119,inf
-1.29079,inf
-1.2904,inf
-1.28994,inf
-1.28947,inf
-1.28901,inf
-1.28856,inf
-1.2881,inf
-1.28765,inf
-1.28706,inf
-1.28667,inf
-1.28631,inf
-1.28587,inf
-1.28541,inf
-1.28495,inf
-1.28449,inf
-1.28388,inf
-1.28347,inf
-1.28304,inf
-1.28259,inf
-1.28214,inf
-1.28168,inf
-1.28121,inf
-1.28074,inf
-1.28012,inf
-1.2797,inf
-1.27936,inf
-1.2788,inf
-1.2783,inf
-1.27784,inf
-1.27737,inf
-1.27675,inf
-1.27633,inf
-1.2759,inf
-1.27544,inf
-1.27499,inf
-1.27451,inf
-1.27403,inf
-1.27354,inf
-1.27291,inf
-1.27249,inf
-1.27214,inf
-1.27157,inf
-1.27106,inf
-1.2706,inf
-1.26998,inf
-1.26956,inf
-1.26914,inf
-1.26867,inf
-1.26817,inf
-1.26785,inf
-1.26729,inf
-1.26672,inf
-1.26611,inf
-1.26568,inf
-1.26535,inf
-1.26482,inf
-1.26424,inf
-1.26359,inf
-1.26317,inf
-1.26283,inf
-1.26227,inf
-1.26174,inf
-1.26129,inf
-1.26067,inf
-1.26023,inf
-1.25987,inf
-1.2593,inf
-1.25878,inf
-1.25832,inf
-1.25769,inf
-1.25726,inf
-1.25691,inf
-1.25634,inf
-1.25582,inf
-1.25535,inf
-1.25473,inf
-1.2543,inf
-1.25388,inf
-1.2534,inf
-1.25289,inf
-1.25256,inf
-1.252,inf
-1.25143,inf
-1.25081,inf
-1.25037,inf
-1.25004,inf
-1.2495,inf
-1.24892,inf
-1.24826,inf
-1.24784,inf
-1.2475,inf
-1.24693,inf
-1.2464,inf
-1.24594,inf
-1.24531,inf
-1.24487,inf
-1.24451,inf
-1.24393,inf
-1.24344,inf
-1.24313,inf
-1.24254,inf
-1.24193,inf
-1.24158,inf
-1.24107,inf
-1.2404,inf
-1.23995,inf
-1.23951,inf
-1.239,inf
-1.23847,inf
-1.23782,inf
-1.23739,inf
-1.23704,inf
-1.23647,inf
-1.23594,inf
-1.2355,inf
-1.23504,inf
-1.23452,inf
-1.23409,inf
-1.23358,inf
-1.23287,inf
-1.23242,inf
-1.23201,inf
-1.23139,inf
-1.23093,inf
-1.23054,inf
-1.22996,inf
-1.22945,inf
-1.22902,inf
-1.22855,inf
-1.22803,inf
-1.22759,inf
-1.22707,inf
-1.22638,inf
-1.22593,inf
-1.22552,inf
-1.22489,inf
-1.22443,inf
-1.22405,inf
-1.22347,inf
-1.22295,inf
-1.22252,inf
-1.22205,inf
-1.22153,inf
-1.22109,inf
-1.22058,inf
-1.21988,inf
-1.21943,inf
-1.21902,inf
-1.2184,inf
-1.21793,inf
-1.21755,inf
-1.21697,inf
-1.21646,inf
-1.21603,inf
-1.21556,inf
-1.21503,inf
-1.21459,inf
-1.21408,inf
-1.21339,inf
-1.21293,inf
-1.21253,inf
-1.2119,inf
-1.21144,inf
-1.21105,inf
-1.21047,inf
-1.20996,inf
-1.20953,inf
-1.20906,inf
-1.20854,inf
-1.2081,inf
-1.20758,inf
-1.20689,inf
-1.20644,inf
-1.20603,inf
-1.20541,inf
-1.20494,inf
-1.20456,inf
-1.20398,inf
-1.20347,inf
-1.20303,inf
-1.20257,inf
-1.20204,inf
-1.2016,inf
-1.20109,inf
-1.20039,inf
-1.19994,inf
-1.19953,inf
-1.19891,inf
-1.19845,inf
-1.19806,inf
-1.19748,inf
-1.19697,inf
-1.19654,inf
-1.19607,inf
-1.19554,inf
-1.1951,inf
-1.19459,inf
-1.1939,inf
-1.19345,inf
-1.19304,inf
-1.19241,inf
-1.19195,inf
-1.19156,inf
-1.19098,inf
-1.19047,inf
-1.19004,inf
-1.18957,inf
-1.18905,inf
-1.18861,inf
-1.18809,inf
-1.1874,inf
-1.18695,inf
-1.18654,inf
-1.18592,inf
-1.18545,inf
-1.18507,inf
-1.18449,inf
-1.18398,inf
-1.18354,inf
-1.18308,inf
-1.18255,inf
-1.18211,inf
-1.1816,inf
-1.1809,inf
-1.18045,inf
-1.18004,inf
-1.17942,inf
-1.17896,inf
-1.17857,inf
-1.17799,inf
-1.17748,inf
-1.17705,inf
-1.17658,inf
-1.17605,inf
-1.17561,inf
-1.1751,inf
-1.17441,inf
-1.17396,inf
-1.17354,inf
-1.17292,inf
-1.17246,inf
-1.17207,inf
-1.17149,inf
-1.17098,inf
-1.17055,inf
-1.17008,inf
-1.16956,inf
-1.16911,inf
-1.1686,inf
-1.16791,inf
-1.16746,inf
-1.16705,inf
-1.16643,inf
-1.16596,inf
-1.16558,inf
-1.165,inf
-1.16449,inf
-1.16405,inf
-1.16359,inf
-1.16306,inf
-1.16262,inf
-1.1621,inf
-1.16141,inf
-1.16096,inf
-1.16055,inf
-1.15993,inf
-1.15947,inf
-1.15908,inf
-1.1585,inf
-1.15799,inf
-1.15756,inf
-1.15709,inf
-1.15656,inf
-1.15612,inf
-1.15561,inf
-1.15492,inf
-1.15447,inf
-1.15405,inf
-1.15343,inf
-1.15297,inf
-1.15258,inf
-1.152,inf
-1.15149,inf
-1.15106,inf
-1.15059,inf
-1.15007,inf
-1.14962,inf
-1.14911,inf
-1.14842,inf
-1.14797,inf
-1.14756,inf
-1.14694,inf
-1.14647,inf
-1.14608,inf
-1.14551,inf
-1.145,inf
-1.14456,inf
-1.1441,inf
-1.14357,inf
-1.14313,inf
-1.14261,inf
-1.14192,inf
-1.14147,inf
-1.14106,inf
-1.14044,inf
-1.13998,inf
-1.13959,inf
-1.13901,inf
-1.1385,inf
-1.13807,inf
-1.1376,inf
-1.13707,inf
-1.13663,inf
-1.13611,inf
-1.13543,inf
-1.13498,inf
-1.13456,inf
-1.13395,inf
-1.13348,inf
-1.13309,inf
-1.13251,inf
-1.132,inf
-1.13157,inf
-1.13111,inf
-1.13058,inf
-1.13013,inf
-1.12962,inf
-1.12893,inf
-1.12848,inf
-1.12807,inf
-1.12745,inf
-1.12698,inf
-1.12659,inf
-1.12602,inf
-1.12551,inf
-1.12507,inf
-1.12461,inf
-1.12408,inf
-1.12363,inf
-1.12312,inf
-1.12243,inf
-1.12198,inf
-1.12157,inf
-1.12095,inf
-1.12049,inf
-1.1201,inf
-1.11952,inf
-1.11901,inf
-1.11857,inf
-1.11811,inf
-1.11758,inf
-1.11714,inf
-1.11662,inf
-1.11594,inf
-1.11549,inf
-1.11507,inf
-1.11446,inf
-1.11399,inf
-1.1136,inf
-1.11302,inf
-1.11251,inf
-1.11208,inf
-1.11162,inf
-1.11109,inf
-1.11064,inf
-1.11012,inf
-1.10944,inf
-1.10899,inf
-1.10857,inf
-1.10796,inf
-1.10749,inf
-1.1071,inf
-1.10653,inf
-1.10602,inf
-1.10558,inf
-1.10512,inf
-1.10459,inf
-1.10414,inf
-1.10363,inf
-1.10294,inf
-1.10249,inf
-1.10208,inf
-1.10146,inf
-1.101,inf
-1.1006,inf
-1.10003,inf
-1.09952,inf
-1.09908,inf
-1.09862,inf
-1.09809,inf
-1.09764,inf
-1.09713,inf
-1.09645,inf
-1.096,inf
-1.09558,inf
-1.09497,inf
-1.0945,inf
-1.09411,inf
-1.09353,inf
-1.09302,inf
-1.09259,inf
-1.09213,inf
-1.0916,inf
-1.09115,inf
-1.09063,inf
-1.08995,inf
-1.0895,inf
-1.08908,inf
-1.08847,inf
-1.088,inf
-1.08761,inf
-1.08704,inf
-1.08653,inf
-1.08609,inf
-1.08563,inf
-1.0851,inf
-1.08465,inf
-1.08413,inf
-1.08345,inf
-1.083,inf
-1.08259,inf
-1.08197,inf
-1.08151,inf
-1.08111,inf
-1.08054,inf
-1.08003,inf
-1.07959,inf
-1.07913,inf
-1.0786,inf
-1.07815,inf
-1.07764,inf
-1.07696,inf
-1.0765,inf
-1.07609,inf
-1.07548,inf
-1.07501,inf
-1.07461,inf
-1.07404,inf
-1.07353,inf
-1.07309,inf
-1.07264,inf
-1.07211,inf
-1.07165,inf
-1.07114,inf
-1.07046,inf
-1.07001,inf
-1.06959,inf
-1.06898,inf
-1.06851,inf
-1.06812,inf
-1.06754,inf
-1.06704,inf
-1.0666,inf
-1.06614,inf
-1.06561,inf
-1.06515,inf
-1.06464,inf
-1.06396,inf
-1.06351,inf
-1.0631,inf
-1.06248,inf
-1.06202,inf
-1.06162,inf
-1.06105,inf
-1.06054,inf
-1.0601,inf
-1.05964,inf
-1.05911,inf
-1.05866,inf
-1.05814,inf
-1.05747,inf
-1.05701,inf
-1.0566,inf
-1.05599,inf
-1.05552,inf
-1.05512,inf
-1.05455,inf
-1.05404,inf
-1.0536,inf
-1.05315,inf
-1.05262,inf
-1.05216,inf
-1.05165,inf
-1.05097,inf
-1.05052,inf
-1.0501,inf
-1.04949,inf
-1.04902,inf
-1.04862,inf
-1.04805,inf
-1.04755,inf
-1.04711,inf
-1.04665,inf
-1.04612,inf
-1.04566,inf
-1.04515,inf
-1.04447,inf
-1.04402,inf
-1.0436,inf
-1.04299,inf
-1.04253,inf
-1.04213,inf
-1.04156,inf
-1.04105,inf
-1.04061,inf
-1.04015,inf
-1.03962,inf
-1.03916,inf
-1.03865,inf
-1.03798,inf
-1.03752,inf
-1.03711,inf
-1.0365,inf
-1.03603,inf
-1.03563,inf
-1.03506,inf
-1.03455,inf
-1.03411,inf
-1.03366,inf
-1.03312,inf
-1.03267,inf
-1.03215,inf
-1.03148,inf
-1.03103,inf
-1.03061,inf
-1.03,inf
-1.02953,inf
-1.02913,inf
-1.02856,inf
-1.02806,inf
-1.02761,inf
-1.02716,inf
-1.02663,inf
-1.02617,inf
-1.02566,inf
-1.02498,inf
-1.02453,inf
-1.02411,inf
-1.0235,inf
-1.02304,inf
-1.02263,inf
-1.02207,inf
-1.02156,inf
-1.02112,inf
-1.02066,inf
-1.02013,inf
-1.01967,inf
-1.01916,inf
-1.01848,inf
-1.01803,inf
-1.01761,inf
-1.017,inf
-1.01654,inf
-1.01614,inf
-1.01557,inf
-1.01506,inf
-1.01462,inf
-1.01416,inf
-1.01363,inf
-1.01317,inf
-1.01266,inf
-1.01199,inf
-1.01154,inf
-1.01112,inf
-1.01051,inf
-1.01004,inf
-1.00964,inf
-1.00907,inf
-1.00856,inf
-1.00812,inf
-1.00767,inf
-1.00714,inf
-1.00667,inf
-1.00616,inf
-1.00549,inf
-1.00504,inf
-1.00462,inf
-1.00401,inf
-1.00355,inf
-1.00314,inf
-1.00257,inf
-1.00207,inf
-1.00162,inf
-1.00117,inf
-1.00064,inf
-1.00018,inf
-0.999665,inf
-0.998994,inf
-0.998542,inf
-0.998123,inf
-0.997514,inf
-0.99705,inf
-0.996645,inf
-0.996077,inf
-0.995571,inf
-0.995127,inf
-0.994674,inf
-0.994142,inf
-0.993679,inf
-0.993167,inf
-0.992497,inf
-0.992045,inf
-0.991625,inf
-0.991018,inf
-0.990553,inf
-0.990147,inf
-0.98958,inf
-0.989074,inf
-0.98863,inf
-0.988177,inf
-0.987645,inf
-0.987181,inf
-0.986669,inf
-0.986001,inf
-0.985548,inf
-0.985128,inf
-0.984521,inf
-0.984056,inf
-0.98365,inf
-0.983083,inf
-0.982577,inf
-0.982132,inf
-0.98168,inf
-0.981148,inf
-0.980684,inf
-0.980172,inf
-0.979504,inf
-0.979051,inf
-0.978631,inf
-0.978024,inf
-0.977559,inf
-0.977152,inf
-0.976586,inf
-0.97608,inf
-0.975635,inf
-0.975183,inf
-0.974651,inf
-0.974186,inf
-0.973674,inf
-0.973007,inf
-0.972554,inf
-0.972133,inf
-0.971527,inf
-0.971062,inf
-0.970655,inf
-0.970089,inf
-0.969583,inf
-0.969137,inf
-0.968686,inf
-0.968154,inf
-0.967688,inf
-0.967176,inf
-0.96651,inf
-0.966057,inf
-0.965636,inf
-0.96503,inf
-0.964566,inf
-0.964157,inf
-0.963592,inf
-0.963086,inf
-0.96264,inf
-0.962189,inf
-0.961657,inf
-0.96119,inf
-0.960678,inf
-0.960013,inf
-0.95956,inf
-0.959139,inf
-0.958533,inf
-0.958069,inf
-0.957659,inf
-0.957094,inf
-0.956589,inf
-0.956142,inf
-0.955692,inf
-0.955159,inf
-0.954692,inf
-0.95418,inf
-0.953516,inf
-0.953063,inf
-0.952641,inf
-0.952036,inf
-0.951572,inf
-0.951162,inf
-0.950597,inf
-0.950092,inf
-0.949645,inf
-0.949195,inf
-0.948662,inf
-0.948194,inf
-0.947682,inf
-0.947019,inf
-0.946566,inf
-0.946144,inf
-0.94554,inf
-0.945075,inf
-0.944664,inf
-0.9441,inf
-0.943595,inf
-0.943147,inf
-0.942698,inf
-0.942165,inf
-0.941696,inf
-0.941184,inf
-0.940522,inf
-0.940069,inf
-0.939646,inf
-0.939043,inf
-0.938578,inf
-0.938166,inf
-0.937603,inf
-0.937097,inf
-0.93665,inf
-0.936201,inf
-0.935668,inf
-0.935198,inf
-0.934686,inf
-0.934025,inf
-0.933572,inf
-0.933149,inf
-0.932546,inf
-0.932081,inf
-0.931669,inf
-0.931105,inf
-0.9306,inf
-0.930152,inf
-0.929704,inf
-0.92917,inf
-0.9287,inf
-0.928188,inf
-0.927528,inf
-0.927075,inf
-0.926651,inf
-0.926049,inf
-0.925584,inf
-0.925171,inf
-0.924608,inf
-0.924103,inf
-0.923655,inf
-0.923207,inf
-0.922673,inf
-0.922202,inf
-0.92169,inf
-0.921031,inf
-0.920578,inf
-0.920154,inf
-0.919552,inf
-0.919087,inf
-0.918673,inf
-0.918111,inf
-0.917606,inf
-0.917157,inf
-0.91671,inf
-0.916176,inf
-0.915704,inf
-0.915192,inf
-0.914534,inf
-0.91408,inf
-0.913656,inf
-0.913055,inf
-0.91259,inf
-0.912176,inf
-0.911614,inf
-0.911109,inf
-0.91066,inf
-0.910213,inf
-0.909678,inf
-0.909206,inf
-0.908694,inf
-0.908037,inf
-0.907583,inf
-0.907159,inf
-0.906558,inf
-0.906093,inf
-0.905678,inf
-0.905116,inf
-0.904612,inf
-0.904162,inf
-0.903716,inf
-0.903181,inf
-0.902707,inf
-0.902196,inf
-0.90154,inf
-0.901086,inf
-0.900661,inf
-0.900061,inf
-0.899596,inf
-0.89918,inf
-0.898619,inf
-0.898115,inf
-0.897664,inf
-0.897219,inf
-0.896684,inf
-0.896209,inf
-0.895698,inf
-0.895043,inf
-0.894589,inf
-0.894164,inf
-0.893564,inf
-0.893098,inf
-0.892682,inf
-0.892122,inf
-0.891617,inf
-0.891167,inf
-0.890721,inf
-0.890186,inf
-0.889711,inf
-0.8892,inf
-0.888545,inf
-0.888092,inf
-0.887666,inf
-0.887067,inf
-0.886601,inf
-0.886184,inf
-0.885624,inf
-0.88512,inf
-0.884669,inf
-0.884224,inf
-0.883689,inf
-0.883213,inf
-0.882702,inf
-0.882048,inf
-0.881595,inf
-0.881168,inf
-0.88057,inf
-0.880104,inf
-0.879686,inf
-0.879127,inf
-0.878623,inf
-0.878171,inf
-0.877727,inf
-0.877191,inf
-0.876715,inf
-0.876204,inf
-0.875551,inf
-0.875097,inf
-0.874671,inf
-0.874073,inf
-0.873607,inf
-0.873189,inf
-0.872621,inf
-0.872118,inf
-0.871646,inf
-0.871046,inf
-0.8706,inf
-0.870197,inf
-0.869638,inf
-0.869132,inf
-0.868657,inf
-0.868057,inf
-0.867614,inf
-0.867213,inf
-0.866655,inf
-0.866148,inf
-0.865672,inf
-0.865073,inf
-0.864629,inf
-0.864156,inf
-0.863686,inf
-0.863187,inf
-0.862829,inf
-0.862272,inf
-0.861789,inf
-0.861215,inf
-0.860644,inf
-0.860186,inf
-0.859775,inf
-0.859251,inf
-0.858779,inf
-0.858258,inf
-0.857708,inf
-0.857065,inf
-0.856628,inf
-0.85619,inf
-0.855691,inf
-0.855176,inf
-0.85467,inf
-0.85414,inf
-0.853678,inf
-0.853277,inf
-0.852735,inf
-0.852158,inf
-0.851699,inf
-0.851228,inf
-0.850739,inf
-0.850242,inf
-0.849743,inf
-0.849244,inf
-0.848744,inf
-0.848244,inf
-0.847744,inf
-0.847244,inf
-0.846745,inf
-0.846245,inf
-0.845745,inf
-0.845245,inf
-0.844745,inf
-0.844245,inf
-0.843745,inf
-0.843246,inf
-0.842746,inf
-0.842246,inf
-0.841746,inf
-0.841246,inf
-0.840746,inf
-0.840246,inf
-0.839747,inf
-0.839247,inf
-0.838747,inf
-0.838247,inf
-0.837747,inf
-0.837247,inf
-0.836747,inf
-0.836248,inf
-0.835748,inf
-0.835248,inf
-0.834748,inf
-0.834248,inf
-0.833748,inf
-0.833248,inf
-0.832748,inf
-0.832249,inf
-0.831749,inf
-0.831249,inf
-0.830749,inf
-0.830249,inf
-0.829749,inf
-0.829249,inf
-0.828749,inf
-0.82825,inf
-0.82775,inf
-0.82725,inf
-0.82675,inf
-0.82625,inf
-0.82575,inf
-0.82525,inf
-0.824751,inf
-0.824251,inf
-0.823751,inf
-0.823251,inf
-0.822751,inf
-0.822251,inf
-0.821751,inf
-0.821252,inf
-0.820752,inf
-0.820252,inf
-0.819752,inf
-0.819252,inf
-0.818752,inf
-0.818252,inf
-0.817752,inf
-0.817253,inf
-0.816753,inf
-0.816253,inf
-0.815753,inf
-0.815253,inf
-0.814753,inf
-0.814253,inf
-0.813754,inf
-0.813254,inf
-0.812754,inf
-0.812254,inf
-0.811754,inf
-0.811254,inf
-0.810754,inf
-0.810255,inf
-0.809755,inf
-0.809255,inf
-0.808755,inf
-0.808255,inf
-0.807755,inf
-0.807255,inf
-0.806756,inf
-0.806256,inf
-0.805756,inf
-0.805256,inf
-0.804756,inf
-0.804256,inf
-0.803756,inf
-0.803256,inf
-0.802757,inf
-0.802257,inf
-0.801757,inf
-0.801257,inf
-0.800757,inf
-0.800257,inf
-0.799757,inf
-0.799258,inf
-0.798758,inf
-0.798258,inf
-0.797758,inf
-0.797258,inf
-0.796758,inf
-0.796258,inf
-0.795759,inf
-0.795259,inf
-0.794759,inf
-0.794259,inf
-0.793759,inf
-0.793259,inf
-0.792759,inf
-0.79226,inf
-0.79176,inf
-0.79126,inf
-0.79076,inf
-0.79026,inf
-0.78976,inf
-0.78926,inf
-0.788761,inf
-0.788261,inf
-0.787761,inf
-0.787261,inf
-0.786761,inf
-0.786261,inf
-0.785761,inf
-0.785261,inf
-0.784762,inf
-0.784262,inf
-0.783762,inf
-0.783262,inf
-0.782762,inf
-0.782262,inf
-0.781762,inf
-0.781263,inf
-0.780763,inf
-0.780263,inf
-0.779763,inf
-0.779263,inf
-0.778763,inf
-0.778263,inf
-0.777764,inf
-0.777264,inf
-0.776764,inf
-0.776264,inf
-0.775764,inf
-0.775264,inf
-0.774764,inf
-0.774265,inf
-0.773765,inf
-0.773265,inf
-0.772765,inf
-0.772265,inf
-0.771765,inf
-0.771265,inf
-0.770765,inf
-0.770266,inf
-0.769766,inf
-0.769266,inf
-0.768766,inf
-0.768266,inf
-0.767766,inf
-0.767266,inf
-0.766767,inf
-0.766267,inf
-0.765767,inf
-0.765267,inf
-0.764767,inf
-0.764267,inf
-0.763767,inf
-0.763268,inf
-0.762768,inf
-0.762268,inf
-0.761768,inf
-0.761268,inf
-0.760768,inf
-0.760268,inf
-0.759768,inf
-0.759269,inf
-0.758769,inf
-0.758269,inf
-0.757769,inf
-0.757269,inf
-0.756769,inf
-0.756269,inf
-0.75577,inf
-0.75527,inf
-0.75477,inf
-0.75427,inf
-0.75377,inf
-0.75327,inf
-0.75277,inf
-0.75227,inf
-0.751771,inf
-0.751271,inf
-0.750771,inf
-0.750271,inf
-0.749771,inf
-0.749271,inf
-0.748771,inf
-0.748272,inf
-0.747772,inf
-0.747272,inf
-0.746772,inf
-0.746272,inf
-0.745772,inf
-0.745272,inf
-0.744772,inf
-0.744273,inf
-0.743773,inf
-0.743273,inf
-0.742773,inf
-0.742273,inf
-0.741773,inf
-0.741273,inf
-0.740774,inf
-0.740274,inf
-0.739774,inf
-0.739274,inf
-0.738774,inf
-0.738274,inf
-0.737774,inf
-0.737274,inf
-0.736775,inf
-0.736275,inf
-0.735775,inf
-0.735275,inf
-0.734775,inf
-0.734275,inf
-0.733775,inf
-0.733276,inf
-0.732776,inf
-0.732276,inf
-0.731776,inf
-0.731276,inf
-0.730776,inf
-0.730276,inf
-0.729776,inf
-0.729277,inf
-0.728777,inf
-0.728277,inf
-0.727777,inf
-0.727277,inf
-0.726777,inf
-0.726277,inf
-0.725778,inf
-0.725278,inf
-0.724778,inf
-0.724278,inf
-0.723778,inf
-0.723278,inf
-0.722778,inf
-0.722278,inf
-0.721779,inf
-0.721279,inf
-0.720779,inf
-0.720279,inf
-0.719779,inf
-0.719279,inf
-0.718779,inf
-0.718279,inf
-0.71778,inf
-0.71728,inf
-0.71678,inf
-0.71628,inf
-0.71578,inf
-0.71528,inf
-0.71478,inf
-0.714281,inf
-0.713781,inf
-0.713281,inf
-0.712781,inf
-0.712281,inf
-0.711781,inf
-0.711281,inf
-0.710781,inf
-0.710282,inf
-0.709782,inf
-0.709282,inf
-0.708782,inf
-0.708282,inf
-0.707782,inf
-0.707282,inf
-0.706782,inf
-0.706283,inf
-0.705783,inf
-0.705283,inf
-0.704783,inf
-0.704283,inf
-0.703783,inf
-0.703283,inf
-0.702784,inf
-0.702284,inf
-0.701784,inf
-0.701284,inf
-0.700784,inf
-0.700284,inf
-0.699784,inf
-0.699284,inf
-0.698785,inf
-0.698285,inf
-0.697785,inf
-0.697285,inf
-0.696785,inf
-0.696285,inf
-0.695785,inf
-0.695285,inf
-0.694786,inf
-0.694286,inf
-0.693786,inf
-0.693286,inf
-0.692786,inf
-0.692286,inf
-0.691786,inf
-0.691286,inf
-0.690787,inf
-0.690287,inf
-0.689787,inf
-0.689287,inf
-0.688787,inf
-0.688287,inf
-0.687787,inf
-0.687287,inf
-0.686788,inf
-0.686288,inf
-0.685788,inf
-0.685288,inf
-0.684788,inf
-0.684288,inf
-0.683788,inf
-0.683288,inf
-0.682789,inf
-0.682289,inf
-0.681789,inf
-0.681289,inf
-0.680789,inf
-0.680289,inf
-0.679789,inf
-0.679289,inf
-0.67879,inf
-0.67829,inf
-0.67779,inf
-0.67729,inf
-0.67679,inf
-0.67629,inf
-0.67579,inf
-0.67529,inf
-0.674791,inf
-0.674291,inf
-0.673791,inf
-0.673291,inf
-0.672791,inf
-0.672291,inf
-0.671791,inf
-0.671291,inf
-0.670792,inf
-0.670292,inf
-0.669792,inf
-0.669292,inf
-0.668792,inf
-0.668292,inf
-0.667792,inf
-0.667292,inf
-0.666793,inf
-0.666293,inf
-0.665793,inf
-0.665293,inf
-0.664793,inf
-0.664293,inf
-0.663793,inf
-0.663293,inf
-0.662794,inf
-0.662294,inf
-0.661794,inf
-0.661294,inf
-0.660794,inf
-0.660294,inf
-0.659794,inf
-0.659294,inf
-0.658795,inf
-0.658295,inf
-0.657795,inf
-0.657295,inf
-0.656795,inf
-0.656295,inf
-0.655795,inf
-0.655295,inf
-0.654795,inf
-0.654296,inf
-0.653796,inf
-0.653296,inf
-0.652796,inf
-0.652296,inf
-0.651796,inf
-0.651296,inf
-0.650796,inf
-0.650297,inf
-0.649797,inf
-0.649297,inf
-0.648797,inf
-0.648298,inf
-0.647799,inf
-0.647299,inf
-0.646798,inf
-0.646298,inf
-0.645798,inf
-0.645298,inf
-0.644798,inf
-0.644298,inf
-0.643799,inf
-0.6433,inf
-0.6428,inf
-0.642299,inf
-0.641799,inf
-0.641299,inf
-0.640799,inf
-0.6403,inf
-0.639801,inf
-0.6393,inf
-0.6388,inf
-0.6383,inf
-0.6378,inf
-0.6373,inf
-0.6368,inf
-0.636301,inf
-0.635801,inf
-0.635301,inf
-0.634801,inf
-0.6343,inf
-0.633801,inf
-0.633302,inf
-0.632802,inf
-0.632301,inf
-0.631801,inf
-0.631301,inf
-0.630802,inf
-0.630303,inf
-0.629802,inf
-0.629302,inf
-0.628802,inf
-0.628302,inf
-0.627803,inf
-0.627303,inf
-0.626803,inf
-0.626302,inf
-0.625803,inf
-0.625304,inf
-0.624803,inf
-0.624303,inf
-0.623803,inf
-0.62329,inf
-0.622799,inf
-0.622303,inf
-0.621801,inf
-0.621213,inf
-0.620749,inf
-0.620234,inf
-0.619765,inf
-0.619276,inf
-0.618696,inf
-0.618235,inf
-0.617789,inf
-0.617215,inf
-0.61674,inf
-0.61628,inf
-0.615706,inf
-0.615239,inf
-0.614794,inf
-0.614249,inf
-0.613751,inf
-0.613273,inf
-0.612699,inf
-0.612241,inf
-0.611803,inf
-0.61126,inf
-0.610787,inf
-0.610326,inf
-0.609909,inf
-0.609369,inf
-0.608859,inf
-0.608344,inf
-0.607815,inf
-0.607222,inf
-0.60676,inf
-0.606308,inf
-0.605805,inf
-0.605296,inf
-0.604801,inf
-0.604406,inf
-0.603841,inf
-0.603283,inf
-0.602812,inf
-0.602446,inf
-0.601883,inf
-0.601325,inf
-0.600822,inf
-0.60036,inf
-0.599853,inf
-0.599322,inf
-0.598823,inf
-0.59831,inf
-0.597822,inf
-0.597311,inf
-0.596802,inf
-0.596236,inf
-0.595779,inf
-0.595289,inf
-0.594732,inf
-0.594277,inf
-0.593795,inf
-0.593299,inf
-0.592907,inf
-0.59234,inf
-0.591778,inf
-0.591309,inf
-0.590969,inf
-0.590371,inf
-0.589808,inf
-0.589319,inf
-0.588954,inf
-0.588349,inf
-0.587771,inf
-0.587278,inf
-0.586893,inf
-0.586315,inf
-0.585705,inf
-0.585227,inf
-0.584744,inf
-0.584238,inf
-0.583728,inf
-0.583226,inf
-0.582714,inf
-0.582216,inf
-0.581719,inf
-0.581214,inf
-0.580725,inf
-0.580207,inf
-0.579724,inf
-0.579219,inf
-0.578732,inf
-0.578255,inf
-0.577757,inf
-0.577263,inf
-0.576767,inf
-0.576255,inf
-0.57566,inf
-0.575187,inf
-0.574821,inf
-0.574251,inf
-0.573667,inf
-0.573191,inf
-0.57271,inf
-0.572134,inf
-0.571656,inf
-0.57129,inf
-0.570715,inf
-0.570128,inf
-0.569652,inf
-0.56918,inf
-0.568703,inf
-0.568212,inf
-0.567721,inf
-0.567344,inf
-0.56674,inf
-0.566133,inf
-0.565648,inf
-0.565216,inf
-0.564699,inf
-0.564165,inf
-0.56353,inf
-0.563087,inf
-0.562733,inf
-0.56221,inf
-0.561657,inf
-0.561058,inf
-0.560597,inf
-0.560155,inf
-0.559617,inf
-0.559114,inf
-0.558638,inf
-0.558068,inf
-0.557603,inf
-0.557152,inf
-0.55661,inf
-0.556109,inf
-0.555628,inf
-0.55506,inf
-0.554599,inf
-0.554152,inf
-0.553613,inf
-0.553114,inf
-0.552633,inf
-0.552065,inf
-0.551605,inf
-0.551157,inf
-0.55062,inf
-0.55012,inf
-0.549639,inf
-0.549072,inf
-0.548611,inf
-0.548163,inf
-0.547625,inf
-0.547153,inf
-0.546688,inf
-0.546274,inf
-0.545731,inf
-0.545213,inf
-0.544704,inf
-0.544177,inf
-0.543548,inf
-0.543103,inf
-0.542657,inf
-0.542164,inf
-0.541656,inf
-0.541152,inf
-0.54065,inf
-0.540149,inf
-0.539574,inf
-0.539113,inf
-0.538634,inf
-0.53815,inf
-0.537661,inf
-0.537165,inf
-0.536664,inf
-0.536161,inf
-0.535587,inf
-0.535123,inf
-0.534671,inf
-0.534108,inf
-0.533629,inf
-0.533164,inf
-0.532598,inf
-0.532127,inf
-0.53167,inf
-0.531106,inf
-0.53063,inf
-0.530167,inf
-0.529602,inf
-0.52913,inf
-0.528673,inf
-0.52811,inf
-0.527634,inf
-0.52717,inf
-0.526606,inf
-0.526134,inf
-0.525676,inf
-0.525113,inf
-0.524637,inf
-0.524173,inf
-0.523609,inf
-0.523137,inf
-0.522679,inf
-0.522117,inf
-0.52164,inf
-0.521176,inf
-0.520612,inf
-0.52014,inf
-0.519682,inf
-0.519119,inf
-0.518643,inf
-0.518179,inf
-0.517615,inf
-0.517143,inf
-0.516684,inf
-0.516122,inf
-0.515646,inf
-0.515181,inf
-0.514617,inf
-0.514145,inf
-0.513686,inf
-0.513124,inf
-0.512648,inf
-0.512183,inf
-0.51162,inf
-0.511147,inf
-0.510688,inf
-0.510126,inf
-0.50965,inf
-0.509185,inf
-0.508622,inf
-0.508149,inf
-0.50769,inf
-0.507128,inf
-0.506652,inf
-0.506186,inf
-0.505624,inf
-0.50515,inf
-0.504689,inf
-0.50415,inf
-0.503653,inf
-0.503172,inf
-0.50261,inf
-0.502145,inf
-0.501689,inf
-0.501154,inf
-0.500655,inf
-0.500174,inf
-0.499612,inf
-0.499148,inf
-0.498692,inf
-0.498158,inf
-0.497659,inf
-0.497177,inf
-0.496615,inf
-0.496151,inf
-0.495695,inf
-0.495161,inf
-0.494689,inf
-0.494222,inf
-0.493811,inf
-0.493266,inf
-0.49274,inf
-0.492232,inf
-0.491708,inf
-0.49108,inf
-0.490635,inf
-0.490188,inf
-0.489696,inf
-0.48919,inf
-0.488685,inf
-0.488184,inf
-0.487682,inf
-0.487114,inf
-0.486649,inf
-0.486167,inf
-0.485682,inf
-0.485192,inf
-0.484695,inf
-0.484193,inf
-0.483691,inf
-0.483123,inf
-0.482656,inf
-0.4822,inf
-0.481642,inf
-0.481162,inf
-0.480693,inf
-0.480133,inf
-0.479659,inf
-0.479198,inf
-0.47864,inf
-0.478162,inf
-0.477695,inf
-0.477135,inf
-0.476661,inf
-0.4762,inf
-0.475642,inf
-0.475164,inf
-0.474697,inf
-0.474138,inf
-0.473664,inf
-0.473202,inf
-0.472645,inf
-0.472166,inf
-0.471699,inf
-0.471141,inf
-0.470666,inf
-0.470204,inf
-0.469647,inf
-0.469169,inf
-0.468701,inf
-0.468143,inf
-0.467668,inf
-0.467206,inf
-0.466649,inf
-0.466171,inf
-0.465703,inf
-0.465145,inf
-0.46467,inf
-0.464208,inf
-0.463651,inf
-0.463173,inf
-0.462705,inf
-0.462147,inf
-0.461672,inf
-0.461209,inf
-0.460653,inf
-0.460174,inf
-0.459706,inf
-0.459149,inf
-0.458674,inf
-0.458211,inf
-0.457655,inf
-0.457176,inf
-0.456708,inf
-0.456151,inf
-0.455675,inf
-0.455212,inf
-0.454657,inf
-0.454177,inf
-0.453709,inf
-0.453152,inf
-0.452677,inf
-0.452213,inf
-0.451658,inf
-0.451179,inf
-0.45071,inf
-0.450154,inf
-0.449678,inf
-0.449208,inf
-0.448675,inf
-0.448178,inf
-0.447697,inf
-0.447141,inf
-0.446673,inf
-0.446209,inf
-0.445679,inf
-0.445181,inf
-0.444698,inf
-0.444143,inf
-0.443676,inf
-0.443212,inf
-0.442682,inf
-0.442184,inf
-0.441701,inf
-0.441147,inf
-0.440679,inf
-0.440214,inf
-0.439685,inf
-0.439214,inf
-0.438744,inf
-0.438336,inf
-0.437789,inf
-0.437257,inf
-0.436749,inf
-0.436228,inf
-0.435603,inf
-0.435158,inf
-0.434709,inf
-0.43422,inf
-0.433715,inf
-0.433211,inf
-0.43271,inf
-0.432208,inf
-0.431647,inf
-0.431178,inf
-0.430694,inf
-0.430206,inf
-0.429716,inf
-0.429218,inf
-0.428717,inf
-0.428214,inf
-0.427654,inf
-0.427183,inf
-0.426723,inf
-0.426171,inf
-0.425688,inf
-0.425216,inf
-0.424663,inf
-0.424186,inf
-0.42372,inf
-0.423168,inf
-0.422688,inf
-0.422217,inf
-0.421664,inf
-0.421187,inf
-0.420722,inf
-0.42017,inf
-0.41969,inf
-0.419219,inf
-0.418667,inf
-0.418189,inf
-0.417723,inf
-0.417172,inf
-0.416692,inf
-0.416221,inf
-0.415669,inf
-0.415191,inf
-0.414725,inf
-0.414174,inf
-0.413694,inf
-0.413223,inf
-0.412671,inf
-0.412193,inf
-0.411727,inf
-0.411176,inf
-0.410695,inf
-0.410224,inf
-0.409673,inf
-0.409195,inf
-0.408728,inf
-0.408178,inf
-0.407697,inf
-0.407226,inf
-0.406674,inf
-0.406196,inf
-0.405729,inf
-0.405179,inf
-0.404698,inf
-0.404227,inf
-0.403676,inf
-0.403198,inf
-0.402731,inf
-0.402181,inf
-0.4017,inf
-0.401228,inf
-0.400677,inf
-0.400199,inf
-0.399732,inf
-0.399182,inf
-0.398701,inf
-0.398229,inf
-0.397679,inf
-0.3972,inf
-0.396732,inf
-0.396183,inf
-0.395702,inf
-0.39523,inf
-0.39468,inf
-0.394201,inf
-0.393724,inf
-0.393195,inf
-0.3927,inf
-0.392217,inf
-0.391669,inf
-0.391197,inf
-0.390724,inf
-0.390199,inf
-0.389702,inf
-0.389219,inf
-0.388671,inf
-0.3882,inf
-0.387727,inf
-0.387202,inf
-0.386706,inf
-0.386222,inf
-0.385674,inf
-0.385203,inf
-0.38473,inf
-0.384206,inf
-0.383736,inf
-0.383262,inf
-0.382857,inf
-0.382309,inf
-0.381769,inf
-0.381263,inf
-0.380745,inf
-0.380123,inf
-0.379677,inf
-0.379227,inf
-0.378739,inf
-0.378236,inf
-0.377733,inf
-0.377232,inf
-0.376731,inf
-0.376177,inf
-0.375703,inf
-0.375217,inf
-0.374728,inf
-0.374236,inf
-0.373736,inf
-0.373232,inf
-0.372678,inf
-0.372204,inf
-0.371716,inf
-0.371228,inf
-0.370733,inf
-0.37018,inf
-0.369705,inf
-0.369239,inf
-0.368695,inf
-0.368211,inf
-0.367736,inf
-0.36719,inf
-0.36671,inf
-0.36624,inf
-0.365694,inf
-0.365211,inf
-0.364737,inf
-0.364191,inf
-0.363711,inf
-0.363241,inf
-0.362696,inf
-0.362213,inf
-0.361739,inf
-0.361193,inf
-0.360713,inf
-0.360242,inf
-0.359697,inf
-0.359214,inf
-0.35874,inf
-0.358195,inf
-0.357714,inf
-0.357243,inf
-0.356699,inf
-0.356216,inf
-0.355741,inf
-0.355196,inf
-0.354716,inf
-0.354245,inf
-0.353701,inf
-0.353217,inf
-0.352742,inf
-0.352198,inf
-0.351717,inf
-0.351246,inf
-0.350702,inf
-0.350218,inf
-0.349743,inf
-0.349199,inf
-0.348718,inf
-0.348246,inf
-0.347703,inf
-0.347219,inf
-0.346744,inf
-0.3462,inf
-0.345719,inf
-0.345247,inf
-0.344704,inf
-0.34422,inf
-0.343745,inf
-0.343201,inf
-0.34272,inf
-0.342248,inf
-0.341705,inf
-0.341221,inf
-0.340746,inf
-0.340203,inf
-0.339721,inf
-0.339236,inf
-0.338713,inf
-0.338218,inf
-0.337734,inf
-0.337193,inf
-0.336717,inf
-0.336236,inf
-0.335716,inf
-0.33522,inf
-0.334736,inf
-0.334195,inf
-0.33372,inf
-0.333239,inf
-0.33272,inf
-0.332224,inf
-0.331739,inf
-0.331199,inf
-0.330723,inf
-0.330242,inf
-0.329723,inf
-0.329254,inf
-0.328777,inf
-0.328374,inf
-0.327824,inf
-0.327278,inf
-0.326773,inf
-0.326258,inf
-0.32564,inf
-0.325193,inf
-0.324742,inf
-0.324255,inf
-0.323753,inf
-0.323251,inf
-0.32275,inf
-0.32225,inf
-0.321703,inf
-0.321225,inf
-0.320737,inf
-0.320246,inf
-0.319752,inf
-0.319252,inf
-0.318748,inf
-0.318202,inf
-0.317725,inf
-0.317235,inf
-0.316745,inf
-0.316249,inf
-0.315705,inf
-0.315226,inf
-0.314755,inf
-0.314216,inf
-0.31373,inf
-0.313252,inf
-0.312712,inf
-0.312229,inf
-0.311755,inf
-0.311216,inf
-0.31073,inf
-0.310253,inf
-0.309713,inf
-0.30923,inf
-0.308755,inf
-0.308217,inf
-0.307731,inf
-0.307254,inf
-0.306715,inf
-0.306231,inf
-0.305756,inf
-0.305218,inf
-0.304732,inf
-0.304255,inf
-0.303716,inf
-0.303233,inf
-0.302757,inf
-0.302219,inf
-0.301734,inf
-0.301255,inf
-0.300717,inf
-0.300234,inf
-0.299758,inf
-0.299221,inf
-0.298735,inf
-0.298256,inf
-0.297718,inf
-0.297235,inf
-0.296759,inf
-0.296222,inf
-0.295735,inf
-0.295257,inf
-0.294719,inf
-0.294236,inf
-0.293759,inf
-0.293223,inf
-0.292736,inf
-0.292258,inf
-0.29172,inf
-0.291236,inf
-0.29076,inf
-0.290224,inf
-0.289737,inf
-0.289258,inf
-0.288721,inf
-0.288237,inf
-0.287761,inf
-0.287224,inf
-0.286738,inf
-0.286259,inf
-0.285722,inf
-0.285238,inf
-0.284745,inf
-0.284227,inf
-0.283733,inf
-0.283248,inf
-0.282714,inf
-0.282235,inf
-0.281745,inf
-0.28123,inf
-0.280736,inf
-0.280251,inf
-0.279717,inf
-0.279238,inf
-0.278748,inf
-0.278234,inf
-0.277739,inf
-0.277254,inf
-0.27672,inf
-0.276241,inf
-0.275751,inf
-0.275237,inf
-0.274768,inf
-0.274288,inf
-0.273886,inf
-0.273332,inf
-0.2727,inf
-0.272227,inf
-0.271763,inf
-0.271287,inf
-0.270796,inf
-0.270297,inf
-0.269795,inf
-0.269294,inf
-0.268793,inf
-0.268292,inf
-0.267792,inf
-0.267291,inf
-0.26679,inf
-0.266289,inf
-0.265789,inf
-0.265288,inf
-0.264787,inf
-0.264287,inf
-0.263786,inf
-0.263285,inf
-0.262785,inf
-0.262284,inf
-0.261784,inf
-0.261283,inf
-0.260783,inf
-0.260282,inf
-0.259782,inf
-0.259281,inf
-0.258781,inf
-0.25828,inf
-0.25778,inf
-0.25728,inf
-0.256779,inf
-0.256279,inf
-0.255779,inf
-0.255278,inf
-0.254778,inf
-0.254278,inf
-0.253778,inf
-0.253277,inf
-0.252777,inf
-0.252277,inf
-0.251777,inf
-0.251276,inf
-0.250776,inf
-0.250276,inf
-0.249776,inf
-0.249275,inf
-0.248775,inf
-0.248275,inf
-0.247775,inf
-0.247275,inf
-0.246775,inf
-0.246274,inf
-0.245774,inf
-0.245274,inf
-0.244774,inf
-0.244274,inf
-0.243774,inf
-0.243274,inf
-0.242774,inf
-0.242274,inf
-0.241773,inf
-0.241273,inf
-0.240773,inf
-0.240273,inf
-0.239773,inf
-0.239273,inf
-0.238773,inf
-0.238273,inf
-0.237773,inf
-0.237273,inf
-0.236773,inf
-0.236273,inf
-0.235773,inf
-0.235273,inf
-0.234773,inf
-0.234272,inf
-0.233772,inf
-0.233272,inf
-0.232772,inf
-0.232272,inf
-0.231772,inf
-0.231272,inf
-0.230772,inf
-0.230272,inf
-0.229772,inf
-0.229272,inf
-0.228772,inf
-0.228272,inf
-0.227772,inf
-0.227272,inf
-0.226772,inf
-0.226272,inf
-0.225772,inf
-0.225272,inf
-0.224772,inf
-0.224272,inf
-0.223772,inf
-0.223272,inf
-0.222772,inf
-0.222272,inf
-0.221772,inf
-0.221272,inf
-0.220772,inf
-0.220272,inf
-0.219772,inf
-0.219272,inf
-0.218772,inf
-0.218272,inf
-0.217772,inf
-0.217272,inf
-0.216772,inf
-0.216272,inf
-0.215772,inf
-0.215272,inf
-0.214772,inf
-0.214272,inf
-0.213772,inf
-0.213273,inf
-0.212773,inf
-0.212273,inf
-0.211773,inf
-0.211273,inf
-0.210773,inf
-0.210273,inf
-0.209773,inf
-0.209273,inf
-0.208773,inf
-0.208273,inf
-0.207773,inf
-0.207273,inf
-0.206773,inf
-0.206273,inf
-0.205773,inf
-0.205273,inf
-0.204773,inf
-0.204273,inf
-0.203773,inf
-0.203273,inf
-0.202773,inf
-0.202273,inf
-0.201773,inf
-0.201273,inf
-0.200773,inf
-0.200273,inf
-0.199773,inf
-0.199273,inf
-0.198773,inf
-0.198273,inf
-0.197773,inf
-0.197273,inf
-0.196774,inf
-0.196274,inf
-0.195774,inf
-0.195274,inf
-0.194774,inf
-0.194274,inf
-0.193774,inf
-0.193274,inf
-0.192774,inf
-0.192274,inf
-0.191774,inf
-0.191274,inf
-0.190774,inf
-0.190274,inf
-0.189774,inf
-0.189274,inf
-0.188774,inf
-0.188274,inf
-0.187774,inf
-0.187274,inf
-0.186774,inf
-0.186274,inf
-0.185774,inf
-0.185274,inf
-0.184774,inf
-0.184274,inf
-0.183774,inf
-0.183274,inf
-0.182774,inf
-0.182275,inf
-0.181775,inf
-0.181275,inf
-0.180775,inf
-0.180275,inf
-0.179775,inf
-0.179275,inf
-0.178775,inf
-0.178275,inf
-0.177775,inf
-0.177275,inf
-0.176775,inf
-0.176275,inf
-0.175775,inf
-0.175275,inf
-0.174775,inf
-0.174275,inf
-0.173775,inf
-0.173275,inf
-0.172775,inf
-0.172275,inf
-0.171775,inf
-0.171275,inf
-0.170775,inf
-0.170275,inf
-0.169775,inf
-0.169275,inf
-0.168775,inf
-0.168275,inf
-0.167776,inf
-0.167276,inf
-0.166776,inf
-0.166276,inf
-0.165776,inf
-0.165276,inf
-0.164776,inf
-0.164276,inf
-0.163776,inf
-0.163276,inf
-0.162776,inf
-0.162276,inf
-0.161776,inf
-0.161276,inf
-0.160776,inf
-0.160276,inf
-0.159776,inf
-0.159276,inf
-0.158776,inf
-0.158276,inf
-0.157776,inf
-0.157276,inf
-0.156776,inf
-0.156276,inf
-0.155776,inf
-0.155276,inf
-0.154776,inf
-0.154276,inf
-0.153776,inf
-0.153276,inf
-0.152777,inf
-0.152277,inf
-0.151777,inf
-0.151277,inf
-0.150777,inf
-0.150277,inf
-0.149777,inf
-0.149277,inf
-0.148777,inf
-0.148277,inf
-0.147777,inf
-0.147277,inf
-0.146777,inf
-0.146277,inf
-0.145777,inf
-0.145277,inf
-0.144777,inf
-0.144277,inf
-0.143777,inf
-0.143277,inf
-0.142777,inf
-0.142277,inf
-0.141777,inf
-0.141277,inf
-0.140777,inf
-0.140277,inf
-0.139777,inf
-0.139277,inf
-0.138777,inf
-0.138277,inf
-0.137777,inf
-0.137277,inf
-0.136777,inf
-0.136278,inf
-0.135778,inf
-0.135278,inf
-0.134778,inf
-0.134278,inf
-0.133778,inf
-0.133278,inf
-0.132778,inf
-0.132278,inf
-0.131778,inf
-0.131278,inf
-0.130778,inf
-0.130278,inf
-0.129778,inf
-0.129278,inf
-0.128778,inf
-0.128278,inf
-0.127778,inf
-0.127278,inf
-0.126778,inf
-0.126278,inf
-0.125778,inf
-0.125278,inf
-0.124778,inf
-0.124278,inf
-0.123778,inf
-0.123278,inf
-0.122778,inf
-0.122278,inf
-0.121778,inf
-0.121278,inf
-0.120778,inf
-0.120278,inf
-0.119778,inf
-0.119278,inf
-0.118778,inf
-0.118279,inf
-0.117779,inf
-0.117279,inf
-0.116779,inf
-0.116279,inf
-0.115779,inf
-0.115279,inf
-0.114779,inf
-0.114279,inf
-0.113779,inf
-0.113279,inf
-0.112779,inf
-0.112279,inf
-0.111779,inf
-0.111279,inf
-0.110779,inf
-0.110279,inf
-0.109779,inf
-0.109279,inf
-0.108779,inf
-0.108279,inf
-0.107779,inf
-0.107279,inf
-0.106779,inf
-0.106279,inf
-0.105779,inf
-0.105279,inf
-0.104779,inf
-0.104279,inf
-0.103779,inf
-0.103279,inf
-0.102779,inf
-0.102279,inf
-0.101779,inf
-0.101279,inf
-0.100779,inf
-0.100279,inf
-0.0997794,inf
-0.0992794,inf
-0.0987794,inf
-0.0982795,inf
-0.0977795,inf
-0.0972795,inf
-0.0967795,inf
-0.0962796,inf
-0.0957796,inf
-0.0952796,inf
-0.0947796,inf
-0.0942796,inf
-0.0937797,inf
-0.0932797,inf
-0.0927797,inf
-0.0922797,inf
-0.0917798,inf
-0.0912798,inf
-0.0907798,inf
-0.0902798,inf
-0.0897798,inf
-0.0892799,inf
-0.0887799,inf
-0.0882799,inf
-0.0877799,inf
-0.0872799,inf
-0.08678,inf
-0.08628,inf
-0.08578,inf
-0.08528,inf
-0.08478,inf
-0.0842801,inf
-0.0837801,inf
-0.0832801,inf
-0.0827801,inf
-0.0822801,inf
-0.0817802,inf
-0.0812802,inf
-0.0807802,inf
-0.0802802,inf
-0.0797802,inf
-0.0792803,inf
-0.0787803,inf
-0.0782803,inf
-0.0777803,inf
-0.0772803,inf
-0.0767803,inf
-0.0762804,inf
-0.0757804,inf
-0.0752804,inf
-0.0747804,inf
-0.0742804,inf
-0.0737805,inf
-0.0732805,inf
-0.0727805,inf
-0.0722805,inf
-0.0717805,inf
-0.0712805,inf
-0.0707806,inf
-0.0702806,inf
-0.0697806,inf
-0.0692806,inf
-0.0687806,inf
-0.0682806,inf
-0.0677807,inf
-0.0672807,inf
-0.0667807,inf
-0.0662807,inf
-0.0657807,inf
-0.0652807,inf
-0.0647808,inf
-0.0642808,inf
-0.0637808,inf
-0.0632808,inf
-0.0627808,inf
-0.0622808,inf
-0.0617809,inf
-0.0612809,inf
-0.0607809,inf
-0.0602809,inf
-0.0597809,inf
-0.0592809,inf
-0.058781,inf
-0.058281,inf
-0.057781,inf
-0.057281,inf
-0.056781,inf
-0.056281,inf
-0.055781,inf
-0.0552811,inf
-0.0547811,inf
-0.0542811,inf
-0.0537811,inf
-0.0532811,inf
-0.0527811,inf
-0.0522811,inf
-0.0517812,inf
-0.0512812,inf
-0.0507812,inf
-0.0502812,inf
-0.0497812,inf
-0.0492812,inf
-0.0487833,inf
-0.0482836,inf
-0.0477834,inf
-0.047283,inf
-0.0467827,inf
-0.0462823,inf
-0.045782,inf
-0.0452817,inf
-0.0447815,inf
-0.0442814,inf
-0.0437812,inf
-0.0432832,inf
-0.0427835,inf
-0.0422833,inf
-0.0417829,inf
-0.0412825,inf
-0.0407821,inf
-0.0402818,inf
-0.0397815,inf
-0.0392813,inf
-0.0387833,inf
-0.0382835,inf
-0.0377832,inf
-0.0372828,inf
-0.0367824,inf
-0.036282,inf
-0.0357817,inf
-0.0352814,inf
-0.0347833,inf
-0.0342835,inf
-0.0337832,inf
-0.0332827,inf
-0.0327823,inf
-0.0322819,inf
-0.0317815,inf
-0.0312813,inf
-0.0307832,inf
-0.0302834,inf
-0.0297831,inf
-0.0292826,inf
-0.0287822,inf
-0.0282818,inf
-0.0277815,inf
-0.0272833,inf
-0.0267835,inf
-0.0262831,inf
-0.0257826,inf
-0.0252821,inf
-0.0247817,inf
-0.0242814,inf
-0.0237833,inf
-0.0232835,inf
-0.022783,inf
-0.0222825,inf
-0.0217821,inf
-0.0212817,inf
-0.0207835,inf
-0.0202836,inf
-0.0197831,inf
-0.0192825,inf
-0.018782,inf
-0.0182816,inf
-0.0177834,inf
-0.0172835,inf
-0.016783,inf
-0.0162825,inf
-0.015782,inf
-0.0152815,inf
-0.0147833,inf
-0.0142835,inf
-0.013783,inf
-0.0132824,inf
-0.0127819,inf
-0.0122836,inf
-0.0117836,inf
-0.0112831,inf
-0.0107824,inf
-0.0102819,inf
-0.00978358,inf
-0.00928357,inf
-0.008783,inf
-0.00828237,inf
-0.0077818,inf
-0.00728351,inf
-0.00678351,inf
-0.00628294,inf
-0.00578231,inf
-0.00528173,inf
-0.00478346,inf
-0.00425897,inf
-0.00376023,inf
-0.00326882,inf
-0.00276985,inf
-0.00227339,inf
-0.00176444,inf
-0.00129217,inf
-0.000789053,inf
-0.00028503,inf
0.000336827,inf
0.000785097,inf
0.00123888,inf
0.00174599,inf
0.0022533,inf
0.00275781,inf
0.00325118,inf
0.00373771,inf
0.00433135,inf
0.00477161,inf
0.00519013,inf
0.00568628,inf
0.00619098,inf
0.00669685,inf
0.00720028,inf
0.00773357,inf
0.00822398,inf
0.00869414,inf
0.00924205,inf
0.00968953,inf
0.0100801,inf
0.0106095,inf
0.0111421,inf
0.0116849,inf
0.0121848,inf
0.0127761,inf
0.0132313,inf
0.0136623,inf
0.0141599,inf
0.0146637,inf
0.0151676,inf
0.0156716,inf
0.0162065,inf
0.0166946,inf
0.0171863,inf
0.0177049,inf
0.0181928,inf
0.0186895,inf
0.0192194,inf
0.0197026,inf
0.0201952,inf
0.02072,inf
0.0212095,inf
0.0216868,inf
0.0221293,inf
0.0226682,inf
0.0232294,inf
0.0237302,inf
0.024119,inf
0.024661,inf
0.0252557,inf
0.0257488,inf
0.0262298,inf
0.0268061,inf
0.0272687,inf
0.0277412,inf
0.0282237,inf
0.0287137,inf
0.0292087,inf
0.0298253,inf
0.0302707,inf
0.0306322,inf
0.0311584,inf
0.0317386,inf
0.0322301,inf
0.0327249,inf
0.033239,inf
0.0336588,inf
0.0342185,inf
0.0348002,inf
0.0352794,inf
0.0357491,inf
0.0362359,inf
0.0367308,inf
0.037223,inf
0.0377247,inf
0.0382288,inf
0.0387232,inf
0.0392251,inf
0.0397241,inf
0.0402263,inf
0.0407227,inf
0.0412246,inf
0.0417285,inf
0.0422222,inf
0.0427242,inf
0.0432235,inf
0.043726,inf
0.0442251,inf
0.0447176,inf
0.0452204,inf
0.0457254,inf
0.0462191,inf
0.0467215,inf
0.0472232,inf
0.047716,inf
0.0482191,inf
0.0487247,inf
0.0492183,inf
0.0497212,inf
0.0502233,inf
0.0507159,inf
0.0512191,inf
0.0517249,inf
0.0522181,inf
0.0527212,inf
0.0532234,inf
0.0537156,inf
0.054219,inf
0.054725,inf
0.0552179,inf
0.055721,inf
0.0562235,inf
0.0567153,inf
0.0572189,inf
0.0577252,inf
0.0582176,inf
0.0587209,inf
0.0592236,inf
0.059715,inf
0.0602188,inf
0.0607603,inf
0.0612434,inf
0.0617333,inf
0.0622263,inf
0.062714,inf
0.0632181,inf
0.063761,inf
0.0642415,inf
0.0647297,inf
0.0652219,inf
0.0657091,inf
0.0662138,inf
0.0667575,inf
0.0672377,inf
0.0677258,inf
0.068325,inf
0.0687719,inf
0.0692233,inf
0.0697288,inf
0.0702532,inf
0.0707521,inf
0.0712949,inf
0.0717512,inf
0.0722288,inf
0.0727131,inf
0.0731989,inf
0.0737048,inf
0.0742485,inf
0.0747302,inf
0.0752199,inf
0.0757134,inf
0.0761996,inf
0.0767053,inf
0.0772507,inf
0.07773,inf
0.0782182,inf
0.0788184,inf
0.0792656,inf
0.0797168,inf
0.080223,inf
0.0807498,inf
0.0812478,inf
0.0817885,inf
0.0822456,inf
0.082724,inf
0.0832082,inf
0.0836924,inf
0.084199,inf
0.0847443,inf
0.085225,inf
0.0857147,inf
0.0862086,inf
0.0866935,inf
0.0872001,inf
0.0877472,inf
0.0882255,inf
0.0887137,inf
0.0893148,inf
0.089762,inf
0.090213,inf
0.0907196,inf
0.0912488,inf
0.0917459,inf
0.0922845,inf
0.0927421,inf
0.0932215,inf
0.0937055,inf
0.0941881,inf
0.0946954,inf
0.0952422,inf
0.0957218,inf
0.0962115,inf
0.0967057,inf
0.0971892,inf
0.0976966,inf
0.0982454,inf
0.0987228,inf
0.0992108,inf
0.0998128,inf
0.10026,inf
0.100711,inf
0.101218,inf
0.101749,inf
0.102245,inf
0.102782,inf
0.10324,inf
0.10372,inf
0.104204,inf
0.104685,inf
0.105193,inf
0.105741,inf
0.10622,inf
0.106709,inf
0.107204,inf
0.107686,inf
0.108194,inf
0.108745,inf
0.109221,inf
0.109709,inf
0.110312,inf
0.110759,inf
0.111209,inf
0.111717,inf
0.11225,inf
0.112746,inf
0.11328,inf
0.113739,inf
0.114221,inf
0.114707,inf
0.115199,inf
0.11568,inf
0.116188,inf
0.116738,inf
0.117214,inf
0.117702,inf
0.118305,inf
0.118754,inf
0.119205,inf
0.119713,inf
0.120249,inf
0.120744,inf
0.121278,inf
0.121737,inf
0.122218,inf
0.122702,inf
0.12318,inf
0.123688,inf
0.124239,inf
0.124716,inf
0.125205,inf
0.1257,inf
0.12618,inf
0.12669,inf
0.127243,inf
0.127718,inf
0.128205,inf
0.128809,inf
0.129257,inf
0.129707,inf
0.130215,inf
0.130753,inf
0.131246,inf
0.131777,inf
0.132236,inf
0.13272,inf
0.133206,inf
0.133697,inf
0.134175,inf
0.134685,inf
0.135238,inf
0.135712,inf
0.136199,inf
0.136804,inf
0.137252,inf
0.137703,inf
0.138212,inf
0.138752,inf
0.139245,inf
0.139775,inf
0.140234,inf
0.140717,inf
0.141201,inf
0.141676,inf
0.142186,inf
0.142739,inf
0.143214,inf
0.143703,inf
0.144198,inf
0.144676,inf
0.145186,inf
0.145743,inf
0.146215,inf
0.146703,inf
0.147308,inf
0.147756,inf
0.148205,inf
0.148714,inf
0.149256,inf
0.149748,inf
0.150274,inf
0.150734,inf
0.151219,inf
0.151705,inf
0.152195,inf
0.15267,inf
0.153181,inf
0.153737,inf
0.154209,inf
0.154696,inf
0.155302,inf
0.155751,inf
0.156201,inf
0.156711,inf
0.157254,inf
0.157746,inf
0.158272,inf
0.158732,inf
0.159218,inf
0.159704,inf
0.160193,inf
0.160667,inf
0.161179,inf
0.161736,inf
0.162208,inf
0.162695,inf
0.163301,inf
0.16375,inf
0.1642,inf
0.16471,inf
0.165255,inf
0.165747,inf
0.166271,inf
0.166731,inf
0.167218,inf
0.167703,inf
0.168193,inf
0.168665,inf
0.169178,inf
0.169736,inf
0.170206,inf
0.170693,inf
0.1713,inf
0.171749,inf
0.172199,inf
0.172709,inf
0.173256,inf
0.173747,inf
0.17427,inf
0.17473,inf
0.175217,inf
0.175703,inf
0.176192,inf
0.176663,inf
0.177176,inf
0.177735,inf
0.178205,inf
0.178692,inf
0.1793,inf
0.179748,inf
0.180198,inf
0.180709,inf
0.181258,inf
0.181747,inf
0.182268,inf
0.182729,inf
0.183216,inf
0.183698,inf
0.184166,inf
0.184678,inf
0.185238,inf
0.185708,inf
0.186196,inf
0.186693,inf
0.187164,inf
0.187679,inf
0.188241,inf
0.18871,inf
0.189196,inf
0.189805,inf
0.190253,inf
0.190701,inf
0.191211,inf
0.191673,inf
0.192227,inf
0.192748,inf
0.193241,inf
0.193717,inf
0.194215,inf
0.194706,inf
0.195336,inf
0.19578,inf
0.196226,inf
0.196815,inf
0.197273,inf
0.197735,inf
0.198252,inf
0.19875,inf
0.199248,inf
0.199739,inf
0.200235,inf
0.200826,inf
0.201267,inf
0.201706,inf
0.202196,inf
0.202684,inf
0.203156,inf
0.203674,inf
0.204239,inf
0.204708,inf
0.205177,inf
0.205753,inf
0.206194,inf
0.20658,inf
0.207105,inf
0.20764,inf
0.208188,inf
0.208683,inf
0.209142,inf
0.20966,inf
0.210183,inf
0.210665,inf
0.211144,inf
0.211684,inf
0.212247,inf
0.212733,inf
0.213206,inf
0.213692,inf
0.214202,inf
0.214754,inf
0.215232,inf
0.215688,inf
0.21628,inf
0.216727,inf
0.217176,inf
0.217762,inf
0.218221,inf
0.218685,inf
0.219238,inf
0.219713,inf
0.2202,inf
0.220681,inf
0.221142,inf
0.221656,inf
0.222221,inf
0.222688,inf
0.223177,inf
0.223683,inf
0.224151,inf
0.224668,inf
0.225192,inf
0.225665,inf
0.226178,inf
0.226693,inf
0.227164,inf
0.227679,inf
0.228201,inf
0.228674,inf
0.229187,inf
0.229702,inf
0.230173,inf
0.230687,inf
0.23121,inf
0.231681,inf
0.232194,inf
0.23271,inf
0.23318,inf
0.233694,inf
0.234217,inf
0.234688,inf
0.235201,inf
0.235717,inf
0.236186,inf
0.2367,inf
0.237223,inf
0.237694,inf
0.238206,inf
0.238722,inf
0.239191,inf
0.239705,inf
0.240228,inf
0.240698,inf
0.241211,inf
0.241727,inf
0.242195,inf
0.242709,inf
0.243232,inf
0.243702,inf
0.244215,inf
0.24473,inf
0.245198,inf
0.245713,inf
0.246236,inf
0.246705,inf
0.247218,inf
0.247734,inf
0.248201,inf
0.248716,inf
0.249239,inf
0.249707,inf
0.25022,inf
0.250737,inf
0.251203,inf
0.251718,inf
0.252241,inf
0.25271,inf
0.253223,inf
0.253739,inf
0.254205,inf
0.25472,inf
0.255244,inf
0.255711,inf
0.256225,inf
0.256741,inf
0.257207,inf
0.257722,inf
0.25829,inf
0.258753,inf
0.259241,inf
0.25974,inf
0.260201,inf
0.26072,inf
0.261293,inf
0.261753,inf
0.262238,inf
0.262735,inf
0.263196,inf
0.263716,inf
0.26429,inf
0.26475,inf
0.265235,inf
0.265848,inf
0.266295,inf
0.266741,inf
0.267252,inf
0.267725,inf
0.268273,inf
0.268787,inf
0.269281,inf
0.26976,inf
0.270255,inf
0.270747,inf
0.271379,inf
0.271823,inf
0.272265,inf
0.272783,inf
0.273311,inf
0.273877,inf
0.27432,inf
0.274773,inf
0.275264,inf
0.275745,inf
0.276204,inf
0.276726,inf
0.277299,inf
0.277759,inf
0.278227,inf
0.278811,inf
0.279247,inf
0.279631,inf
0.280154,inf
0.280688,inf
0.281236,inf
0.281728,inf
0.282174,inf
0.282699,inf
0.283214,inf
0.283701,inf
0.284243,inf
0.284824,inf
0.285294,inf
0.285759,inf
0.286217,inf
0.286757,inf
0.287299,inf
0.287804,inf
0.288194,inf
0.288734,inf
0.289264,inf
0.289692,inf
0.290233,inf
0.290757,inf
0.291254,inf
0.291704,inf
0.292247,inf
0.292761,inf
0.29326,inf
0.293862,inf
0.294286,inf
0.294694,inf
0.295272,inf
0.295753,inf
0.296235,inf
0.296796,inf
0.297268,inf
0.29774,inf
0.298233,inf
0.298713,inf
0.299167,inf
0.299691,inf
0.300271,inf
0.300729,inf
0.301215,inf
0.30175,inf
0.302156,inf
0.302733,inf
0.303279,inf
0.303788,inf
0.304281,inf
0.304724,inf
0.305237,inf
0.305742,inf
0.306253,inf
0.306749,inf
0.307239,inf
0.307733,inf
0.308188,inf
0.308714,inf
0.309228,inf
0.309742,inf
0.310245,inf
0.310701,inf
0.311224,inf
0.311756,inf
0.312219,inf
0.312735,inf
0.313255,inf
0.313715,inf
0.314234,inf
0.314764,inf
0.315226,inf
0.315742,inf
0.316264,inf
0.316723,inf
0.317242,inf
0.317771,inf
0.318232,inf
0.318749,inf
0.31927,inf
0.319729,inf
0.320248,inf
0.320777,inf
0.321238,inf
0.321754,inf
0.322276,inf
0.322734,inf
0.323253,inf
0.323783,inf
0.324242,inf
0.324759,inf
0.32528,inf
0.325738,inf
0.326257,inf
0.326787,inf
0.327246,inf
0.327763,inf
0.328284,inf
0.328742,inf
0.329261,inf
0.32979,inf
0.330249,inf
0.330766,inf
0.331288,inf
0.331744,inf
0.332264,inf
0.332794,inf
0.333252,inf
0.333769,inf
0.334291,inf
0.334747,inf
0.335266,inf
0.335796,inf
0.336254,inf
0.336771,inf
0.337293,inf
0.337749,inf
0.338268,inf
0.338799,inf
0.339256,inf
0.339773,inf
0.340295,inf
0.340751,inf
0.34127,inf
0.341801,inf
0.342258,inf
0.342775,inf
0.343297,inf
0.343752,inf
0.344272,inf
0.344803,inf
0.34526,inf
0.345777,inf
0.346299,inf
0.346754,inf
0.347273,inf
0.347804,inf
0.348261,inf
0.348778,inf
0.349301,inf
0.349755,inf
0.350275,inf
0.350806,inf
0.351262,inf
0.351779,inf
0.352302,inf
0.352756,inf
0.353276,inf
0.353807,inf
0.354263,inf
0.354781,inf
0.355304,inf
0.355757,inf
0.356277,inf
0.356809,inf
0.357264,inf
0.357782,inf
0.358305,inf
0.358758,inf
0.359278,inf
0.35981,inf
0.360265,inf
0.360783,inf
0.361306,inf
0.361759,inf
0.362279,inf
0.362811,inf
0.363266,inf
0.363784,inf
0.364307,inf
0.36476,inf
0.36528,inf
0.365812,inf
0.366267,inf
0.366785,inf
0.367308,inf
0.36776,inf
0.368281,inf
0.368814,inf
0.369268,inf
0.369786,inf
0.37031,inf
0.370761,inf
0.371282,inf
0.371815,inf
0.372268,inf
0.372787,inf
0.373311,inf
0.373762,inf
0.374283,inf
0.374816,inf
0.375269,inf
0.375788,inf
0.376312,inf
0.376763,inf
0.377284,inf
0.377817,inf
0.37827,inf
0.378788,inf
0.379313,inf
0.379763,inf
0.380285,inf
0.380818,inf
0.381271,inf
0.381789,inf
0.382314,inf
0.382764,inf
0.383285,inf
0.383819,inf
0.384271,inf
0.38479,inf
0.385315,inf
0.385765,inf
0.386286,inf
0.38682,inf
0.387272,inf
0.387791,inf
0.388316,inf
0.388765,inf
0.389287,inf
0.389821,inf
0.390273,inf
0.390792,inf
0.391317,inf
0.391766,inf
0.392288,inf
0.392822,inf
0.393274,inf
0.393793,inf
0.394318,inf
0.394767,inf
0.395289,inf
0.395874,inf
0.396324,inf
0.39681,inf
0.397312,inf
0.397756,inf
0.398284,inf
0.398875,inf
0.399323,inf
0.399806,inf
0.400425,inf
0.400873,inf
0.401316,inf
0.401832,inf
0.40242,inf
0.402849,inf
0.403352,inf
0.403832,inf
0.404309,inf
0.404801,inf
0.405299,inf
0.405872,inf
0.406333,inf
0.406783,inf
0.407363,inf
0.407765,inf
0.408292,inf
0.408796,inf
0.409298,inf
0.409795,inf
0.410293,inf
0.410791,inf
0.411289,inf
0.411788,inf
0.412287,inf
0.412785,inf
0.413284,inf
0.413783,inf
0.414282,inf
0.414781,inf
0.41528,inf
0.415779,inf
0.416278,inf
0.416777,inf
0.417277,inf
0.417776,inf
0.418276,inf
0.418775,inf
0.419274,inf
0.419774,inf
0.420273,inf
0.420773,inf
0.421273,inf
0.421772,inf
0.422272,inf
0.422771,inf
0.423271,inf
0.423771,inf
0.42427,inf
0.42477,inf
0.42527,inf
0.425769,inf
0.426269,inf
0.426769,inf
0.427269,inf
0.427768,inf
0.428268,inf
0.428768,inf
0.429268,inf
0.429767,inf
0.430267,inf
0.430767,inf
0.431267,inf
0.431767,inf
0.432267,inf
0.432766,inf
0.433266,inf
0.433766,inf
0.434266,inf
0.434766,inf
0.435266,inf
0.435766,inf
0.436266,inf
0.436765,inf
0.437265,inf
0.437765,inf
0.438265,inf
0.438765,inf
0.439265,inf
0.439765,inf
0.440265,inf
0.440765,inf
0.441265,inf
0.441765,inf
0.442265,inf
0.442765,inf
0.443265,inf
0.443765,inf
0.444265,inf
0.444765,inf
0.445265,inf
0.445765,inf
0.446265,inf
0.446765,inf
0.447265,inf
0.447765,inf
0.448265,inf
0.448765,inf
0.449265,inf
0.449765,inf
0.450265,inf
0.450765,inf
0.451265,inf
0.451765,inf
0.452265,inf
0.452765,inf
0.453265,inf
0.453765,inf
0.454265,inf
0.454765,inf
0.455265,inf
0.455765,inf
0.456265,inf
0.456765,inf
0.457265,inf
0.457765,inf
0.458265,inf
0.458765,inf
0.459266,inf
0.459766,inf
0.460266,inf
0.460766,inf
0.461266,inf
0.461766,inf
0.462266,inf
0.462766,inf
0.463266,inf
0.463766,inf
0.464266,inf
0.464766,inf
0.465266,inf
0.465766,inf
0.466266,inf
0.466766,inf
0.467267,inf
0.467767,inf
0.468267,inf
0.468767,inf
0.469267,inf
0.469767,inf
0.470267,inf
0.470767,inf
0.471267,inf
0.471767,inf
0.472267,inf
0.472767,inf
0.473267,inf
0.473767,inf
0.474268,inf
0.474768,inf
0.475268,inf
0.475768,inf
0.476268,inf
0.476768,inf
0.477268,inf
0.477768,inf
0.478268,inf
0.478768,inf
0.479268,inf
0.479768,inf
0.480269,inf
0.480769,inf
0.481269,inf
0.481769,inf
0.482269,inf
0.482769,inf
0.483269,inf
0.483769,inf
0.484269,inf
0.484769,inf
0.485269,inf
0.485769,inf
0.48627,inf
0.48677,inf
0.48727,inf
0.48777,inf
0.48827,inf
0.48877,inf
0.48927,inf
0.48977,inf
0.49027,inf
0.49077,inf
0.49127,inf
0.491771,inf
0.492271,inf
0.492771,inf
0.493271,inf
0.493771,inf
0.494271,inf
0.494771,inf
0.495271,inf
0.495771,inf
0.496271,inf
0.496771,inf
0.497272,inf
0.497772,inf
0.498272,inf
0.498772,inf
0.499272,inf
0.499772,inf
0.500272,inf
0.500772,inf
0.501272,inf
0.501772,inf
0.502273,inf
0.502773,inf
0.503273,inf
0.503773,inf
0.504273,inf
0.504773,inf
0.505273,inf
0.505773,inf
0.506273,inf
0.506773,inf
0.507273,inf
0.507774,inf
0.508274,inf
0.508774,inf
0.509274,inf
0.509774,inf
0.510274,inf
0.510774,inf
0.511274,inf
0.511774,inf
0.512274,inf
0.512775,inf
0.513275,inf
0.513775,inf
0.514275,inf
0.514775,inf
0.515275,inf
0.515775,inf
0.516275,inf
0.516775,inf
0.517275,inf
0.517775,inf
0.518276,inf
0.518776,inf
0.519276,inf
0.519776,inf
0.520276,inf
0.520776,inf
0.521276,inf
0.521776,inf
0.522276,inf
0.522776,inf
0.523277,inf
0.523777,inf
0.524277,inf
0.524777,inf
0.525277,inf
0.525777,inf
0.526277,inf
0.526777,inf
0.527277,inf
0.527777,inf
0.528278,inf
0.528778,inf
0.529278,inf
0.529778,inf
0.530278,inf
0.530778,inf
0.531278,inf
0.531778,inf
0.532278,inf
0.532778,inf
0.533279,inf
0.533779,inf
0.534279,inf
0.534779,inf
0.535279,inf
0.535779,inf
0.536279,inf
0.536779,inf
0.537279,inf
0.537779,inf
0.53828,inf
0.53878,inf
0.53928,inf
0.53978,inf
0.54028,inf
0.54078,inf
0.54128,inf
0.54178,inf
0.54228,inf
0.54278,inf
0.543281,inf
0.543781,inf
0.544281,inf
0.544781,inf
0.545281,inf
0.545781,inf
0.546281,inf
0.546781,inf
0.547281,inf
0.547781,inf
0.548282,inf
0.548782,inf
0.549282,inf
0.549782,inf
0.550282,inf
0.550782,inf
0.551282,inf
0.551782,inf
0.552282,inf
0.552782,inf
0.553283,inf
0.553783,inf
0.554283,inf
0.554783,inf
0.555283,inf
0.555783,inf
0.556283,inf
0.556783,inf
0.557283,inf
0.557783,inf
0.558284,inf
0.558784,inf
0.559284,inf
0.559784,inf
0.560284,inf
0.560784,inf
0.561284,inf
0.561784,inf
0.562284,inf
0.562785,inf
0.563285,inf
0.563785,inf
0.564285,inf
0.564785,inf
0.565285,inf
0.565785,inf
0.566285,inf
0.566785,inf
0.567285,inf
0.567786,inf
0.568286,inf
0.568786,inf
0.569286,inf
0.569786,inf
0.570286,inf
0.570786,inf
0.571286,inf
0.571786,inf
0.572287,inf
0.572787,inf
0.573287,inf
0.573787,inf
0.574287,inf
0.574787,inf
0.575287,inf
0.575787,inf
0.576287,inf
0.576787,inf
0.577288,inf
0.577788,inf
0.578288,inf
0.578788,inf
0.579288,inf
0.579788,inf
0.580288,inf
0.580788,inf
0.581288,inf
0.581789,inf
0.582289,inf
0.582789,inf
0.583289,inf
0.583789,inf
0.584289,inf
0.584789,inf
0.585289,inf
0.585789,inf
0.586289,inf
0.58679,inf
0.58729,inf
0.58779,inf
0.58829,inf
0.58879,inf
0.58929,inf
0.58979,inf
0.59029,inf
0.59079,inf
0.591291,inf
0.591791,inf
0.592291,inf
0.592791,inf
0.593291,inf
0.593791,inf
0.594291,inf
0.594791,inf
0.595291,inf
0.595792,inf
0.596292,inf
0.596792,inf
0.597292,inf
0.597792,inf
0.598292,inf
0.598792,inf
0.599292,inf
0.599792,inf
0.600292,inf
0.600793,inf
0.601293,inf
0.601793,inf
0.602293,inf
0.602793,inf
0.603293,inf
0.603793,inf
0.604293,inf
0.604793,inf
0.605294,inf
0.605794,inf
0.606294,inf
0.606794,inf
0.607294,inf
0.607794,inf
0.608294,inf
0.608794,inf
0.609294,inf
0.609795,inf
0.610295,inf
0.610795,inf
0.611295,inf
0.611795,inf
0.612295,inf
0.612795,inf
0.613295,inf
0.613795,inf
0.614296,inf
0.614796,inf
0.615296,inf
0.615796,inf
0.616296,inf
0.616796,inf
0.617296,inf
0.617796,inf
0.618296,inf
0.618797,inf
0.619297,inf
0.619797,inf
0.620297,inf
0.620797,inf
0.621297,inf
0.621797,inf
0.622297,inf
0.622797,inf
0.623298,inf
0.623798,inf
0.624298,inf
0.624798,inf
0.625298,inf
0.625798,inf
0.626298,inf
0.626798,inf
0.627298,inf
0.627799,inf
0.628299,inf
0.628799,inf
0.629299,inf
0.629799,inf
0.630299,inf
0.630799,inf
0.631299,inf
0.631799,inf
0.6323,inf
0.6328,inf
0.6333,inf
0.6338,inf
0.6343,inf
0.6348,inf
0.6353,inf
0.6358,inf
0.636301,inf
0.636801,inf
0.637301,inf
0.637801,inf
0.638301,inf
0.638801,inf
0.639301,inf
0.639801,inf
0.640301,inf
0.640802,inf
0.641302,inf
0.641802,inf
0.642302,inf
0.642802,inf
0.643302,inf
0.643802,inf
0.644302,inf
0.644802,inf
0.645303,inf
0.645803,inf
0.646303,inf
0.646803,inf
0.647303,inf
0.647803,inf
0.648303,inf
0.648803,inf
0.649303,inf
0.649804,inf
0.650304,inf
0.650804,inf
0.651304,inf
0.651804,inf
0.652304,inf
0.652804,inf
0.653304,inf
0.653805,inf
0.654305,inf
0.654805,inf
0.655305,inf
0.655805,inf
0.656305,inf
0.656805,inf
0.657305,inf
0.657805,inf
0.658306,inf
0.658806,inf
0.659306,inf
0.659806,inf
0.660306,inf
0.660806,inf
0.661306,inf
0.661806,inf
0.662307,inf
0.662807,inf
0.663307,inf
0.663807,inf
0.664307,inf
0.664807,inf
0.665307,inf
0.665807,inf
0.666307,inf
0.666808,inf
0.667308,inf
0.667808,inf
0.668308,inf
0.668808,inf
0.669308,inf
0.669808,inf
0.670308,inf
0.670809,inf
0.671309,inf
0.671809,inf
0.672309,inf
0.672809,inf
0.673309,inf
0.673809,inf
0.674309,inf
0.674809,inf
0.67531,inf
0.67581,inf
0.67631,inf
0.67681,inf
0.67731,inf
0.67781,inf
0.67831,inf
0.67881,inf
0.679311,inf
0.679811,inf
0.680311,inf
0.680811,inf
0.681311,inf
0.681811,inf
0.682311,inf
0.682811,inf
0.683311,inf
0.683812,inf
0.684312,inf
0.684812,inf
0.685312,inf
0.685812,inf
0.686312,inf
0.686812,inf
0.687312,inf
0.687813,inf
0.688313,inf
0.688813,inf
0.689313,inf
0.689813,inf
0.690313,inf
0.690813,inf
0.691313,inf
0.691814,inf
0.692314,inf
0.692814,inf
0.693314,inf
0.693814,inf
0.694314,inf
0.694814,inf
0.695314,inf
0.695814,inf
0.696315,inf
0.696815,inf
0.697315,inf
0.697815,inf
0.698315,inf
0.698815,inf
0.699315,inf
0.699815,inf
0.700316,inf
0.700816,inf
0.701316,inf
0.701816,inf
0.702316,inf
0.702813,inf
0.703313,inf
0.703814,inf
0.704315,inf
0.704815,inf
0.705316,inf
0.705816,inf
0.706317,inf
0.706817,inf
0.707317,inf
0.707818,inf
0.708315,inf
0.708815,inf
0.709316,inf
0.709816,inf
0.710317,inf
0.710817,inf
0.711318,inf
0.711818,inf
0.712319,inf
0.712819,inf
0.713316,inf
0.713817,inf
0.714317,inf
0.714818,inf
0.715318,inf
0.715819,inf
0.716319,inf
0.71682,inf
0.71732,inf
0.717818,inf
0.718318,inf
0.718818,inf
0.719319,inf
0.71982,inf
0.72032,inf
0.720821,inf
0.721321,inf
0.721819,inf
0.722361,inf
0.722847,inf
0.723343,inf
0.723823,inf
0.724343,inf
0.72483,inf
0.725377,inf
0.725848,inf
0.726291,inf
0.726823,inf
0.727345,inf
0.727833,inf
0.728224,inf
0.728767,inf
0.729396,inf
0.729867,inf
0.730346,inf
0.730833,inf
0.73133,inf
0.731808,inf
0.732307,inf
0.732936,inf
0.733371,inf
0.733809,inf
0.734333,inf
0.734981,inf
0.735366,inf
0.735872,inf
0.73628,inf
0.736798,inf
0.737283,inf
0.737815,inf
0.738278,inf
0.738807,inf
0.739345,inf
0.739753,inf
0.74029,inf
0.74091,inf
0.741382,inf
0.741866,inf
0.742354,inf
0.74285,inf
0.743347,inf
0.743849,inf
0.744349,inf
0.744831,inf
0.745227,inf
0.745779,inf
0.746415,inf
0.746837,inf
0.747312,inf
0.747939,inf
0.748391,inf
0.748833,inf
0.74936,inf
0.750014,inf
0.750432,inf
0.750748,inf
0.751295,inf
0.751941,inf
0.752415,inf
0.752863,inf
0.75336,inf
0.753857,inf
0.754382,inf
0.754862,inf
0.755334,inf
0.755725,inf
0.756275,inf
0.756911,inf
0.757335,inf
0.757812,inf
0.758372,inf
0.758802,inf
0.759371,inf
0.760002,inf
0.76046,inf
0.760795,inf
0.761356,inf
0.761972,inf
0.762468,inf
0.762914,inf
0.763353,inf
0.763872,inf
0.764365,inf
0.764868,inf
0.765388,inf
0.765896,inf
0.766373,inf
0.76688,inf
0.767404,inf
0.767913,inf
0.768397,inf
0.768904,inf
0.769549,inf
0.769983,inf
0.770379,inf
0.770881,inf
0.77144,inf
0.771929,inf
0.772373,inf
0.772734,inf
0.773298,inf
0.77395,inf
0.774438,inf
0.77489,inf
0.775392,inf
0.77589,inf
0.776388,inf
0.776926,inf
0.777408,inf
0.777881,inf
0.778271,inf
0.77882,inf
0.779456,inf
0.779877,inf
0.780356,inf
0.78091,inf
0.781303,inf
0.781889,inf
0.782449,inf
0.782954,inf
0.783442,inf
0.783824,inf
0.784365,inf
0.784931,inf
0.785341,inf
0.785869,inf
0.786369,inf
0.786898,inf
0.787348,inf
0.787882,inf
0.788428,inf
0.788834,inf
0.789372,inf
0.789882,inf
0.790412,inf
0.790924,inf
0.791323,inf
0.79187,inf
0.79244,inf
0.792853,inf
0.793386,inf
0.793935,inf
0.794343,inf
0.794884,inf
0.795449,inf
0.79586,inf
0.796395,inf
0.796946,inf
0.797354,inf
0.797894,inf
0.798459,inf
0.79887,inf
0.799405,inf
0.799956,inf
0.800363,inf
0.800903,inf
0.801467,inf
0.801878,inf
0.802413,inf
0.802964,inf
0.80337,inf
0.80391,inf
0.804475,inf
0.804885,inf
0.80542,inf
0.805971,inf
0.806377,inf
0.806917,inf
0.807481,inf
0.807891,inf
0.808426,inf
0.808977,inf
0.809382,inf
0.809922,inf
0.810487,inf
0.810896,inf
0.811431,inf
0.811982,inf
0.812387,inf
0.812927,inf
0.813492,inf
0.813901,inf
0.814435,inf
0.814986,inf
0.815391,inf
0.815931,inf
0.816496,inf
0.816905,inf
0.817439,inf
0.81799,inf
0.818395,inf
0.818935,inf
0.8195,inf
0.819909,inf
0.820443,inf
0.820994,inf
0.821399,inf
0.821938,inf
0.822503,inf
0.822912,inf
0.823446,inf
0.823998,inf
0.824402,inf
0.824941,inf
0.825507,inf
0.825915,inf
0.826449,inf
0.827001,inf
0.827404,inf
0.827944,inf
0.82851,inf
0.828917,inf
0.829452,inf
0.830004,inf
0.830407,inf
0.830947,inf
0.831513,inf
0.83192,inf
0.832455,inf
0.833006,inf
0.833409,inf
0.833949,inf
0.834515,inf
0.834922,inf
0.835457,inf
0.836009,inf
0.836412,inf
0.836952,inf
0.837518,inf
0.837925,inf
0.838459,inf
0.839011,inf
0.839414,inf
0.839954,inf
0.84052,inf
0.840927,inf
0.841462,inf
0.842014,inf
0.842416,inf
0.842956,inf
0.843523,inf
0.843929,inf
0.844464,inf
0.845016,inf
0.845418,inf
0.845958,inf
0.846525,inf
0.846931,inf
0.847466,inf
0.848018,inf
0.84842,inf
0.848961,inf
0.849527,inf
0.849933,inf
0.850468,inf
0.851021,inf
0.851422,inf
0.851963,inf
0.852529,inf
0.852935,inf
0.85347,inf
0.854023,inf
0.854424,inf
0.854965,inf
0.855532,inf
0.855937,inf
0.856472,inf
0.857025,inf
0.857426,inf
0.857967,inf
0.858534,inf
0.858939,inf
0.859474,inf
0.860027,inf
0.860428,inf
0.860968,inf
0.861536,inf
0.861941,inf
0.862476,inf
0.863029,inf
0.86343,inf
0.86397,inf
0.864538,inf
0.864943,inf
0.865478,inf
0.866031,inf
0.866431,inf
0.866972,inf
0.86754,inf
0.867944,inf
0.86848,inf
0.869033,inf
0.869433,inf
0.869974,inf
0.870606,inf
0.871019,inf
0.871502,inf
0.872018,inf
0.872411,inf
0.872963,inf
0.873607,inf
0.874021,inf
0.874497,inf
0.875124,inf
0.875577,inf
0.876019,inf
0.876548,inf
0.877218,inf
0.877624,inf
0.877924,inf
0.878473,inf
0.879127,inf
0.879604,inf
0.880024,inf
0.8806,inf
0.881054,inf
0.881502,inf
0.882026,inf
0.882584,inf
0.883085,inf
0.883546,inf
0.884051,inf
0.884711,inf
0.885111,inf
0.885414,inf
0.885952,inf
0.886597,inf
0.887072,inf
0.887519,inf
0.888002,inf
0.888502,inf
0.889034,inf
0.889513,inf
0.889982,inf
0.890466,inf
0.891093,inf
0.891535,inf
0.891973,inf
0.892507,inf
0.893186,inf
0.893593,inf
0.893894,inf
0.894445,inf
0.895025,inf
0.895537,inf
0.896025,inf
0.896398,inf
0.896946,inf
0.897471,inf
0.897996,inf
0.898493,inf
0.89898,inf
0.899471,inf
0.899859,inf
0.900422,inf
0.901067,inf
0.901541,inf
0.901957,inf
0.90248,inf
0.903094,inf
0.903578,inf
0.904046,inf
0.904411,inf
0.904962,inf
0.90554,inf
0.905942,inf
0.906472,inf
0.906971,inf
0.907504,inf
0.907949,inf
0.908487,inf
0.909038,inf
0.909432,inf
0.909973,inf
0.910486,inf
0.911017,inf
0.91153,inf
0.911917,inf
0.912469,inf
0.913113,inf
0.913525,inf
0.914003,inf
0.914517,inf
0.914909,inf
0.915465,inf
0.916114,inf
0.916527,inf
0.917003,inf
0.917631,inf
0.918085,inf
0.918528,inf
0.919059,inf
0.919736,inf
0.920139,inf
0.920436,inf
0.920987,inf
0.921645,inf
0.922121,inf
0.922541,inf
0.923115,inf
0.923572,inf
0.924021,inf
0.924546,inf
0.92511,inf
0.925608,inf
0.926066,inf
0.926572,inf
0.927239,inf
0.927637,inf
0.927936,inf
0.928475,inf
0.929123,inf
0.929598,inf
0.930043,inf
0.93052,inf
0.931024,inf
0.93156,inf
0.93204,inf
0.932508,inf
0.932992,inf
0.933618,inf
0.934061,inf
0.9345,inf
0.935035,inf
0.935719,inf
0.936124,inf
0.936421,inf
0.936974,inf
0.937633,inf
0.938111,inf
0.938532,inf
0.939108,inf
0.939565,inf
0.940016,inf
0.940543,inf
0.94111,inf
0.941608,inf
0.942065,inf
0.942573,inf
0.943242,inf
0.94364,inf
0.943939,inf
0.944479,inf
0.945129,inf
0.94561,inf
0.946037,inf
0.946611,inf
0.947066,inf
0.947515,inf
0.948044,inf
0.948615,inf
0.949112,inf
0.949568,inf
0.950076,inf
0.950747,inf
0.951145,inf
0.951444,inf
0.951984,inf
0.952634,inf
0.953116,inf
0.953542,inf
0.954116,inf
0.954572,inf
0.955021,inf
0.95555,inf
0.956123,inf
0.956619,inf
0.957075,inf
0.957584,inf
0.958256,inf
0.958653,inf
0.958952,inf
0.959492,inf
0.960143,inf
0.960625,inf
0.961051,inf
0.961625,inf
0.962082,inf
0.962531,inf
0.96306,inf
0.963634,inf
0.96413,inf
0.964585,inf
0.965094,inf
0.965768,inf
0.966165,inf
0.966463,inf
0.967003,inf
0.967655,inf
0.968136,inf
0.968562,inf
0.969136,inf
0.969593,inf
0.970042,inf
0.970572,inf
0.971147,inf
0.971642,inf
0.972097,inf
0.972606,inf
0.973281,inf
0.973677,inf
0.973975,inf
0.974515,inf
0.975167,inf
0.975648,inf
0.976075,inf
0.976648,inf
0.977105,inf
0.977555,inf
0.978085,inf
0.97866,inf
0.979155,inf
0.979609,inf
0.980119,inf
0.980794,inf
0.98119,inf
0.981488,inf
0.982028,inf
0.98268,inf
0.983162,inf
0.983587,inf
0.984161,inf
0.984618,inf
0.985068,inf
0.985598,inf
0.986174,inf
0.986669,inf
0.987122,inf
0.987632,inf
0.988309,inf
0.988704,inf
0.989001,inf
0.989541,inf
0.990194,inf
0.990675,inf
0.991101,inf
0.991673,inf
0.992131,inf
0.992581,inf
0.993111,inf
0.993689,inf
0.994182,inf
0.994635,inf
0.995145,inf
0.995823,inf
0.996218,inf
0.996514,inf
0.997055,inf
0.997707,inf
0.998188,inf
0.998614,inf
0.999186,inf
0.999644,inf
1.00009,inf
1.00062,inf
1.0012,inf
1.0017,inf
1.00215,inf
1.00266,inf
1.00334,inf
1.00373,inf
1.00403,inf
1.00457,inf
1.00522,inf
1.0057,inf
1.00613,inf
1.0067,inf
1.00716,inf
1.00761,inf
1.00814,inf
1.00872,inf
1.00921,inf
1.00966,inf
1.01017,inf
1.01085,inf
1.01124,inf
1.01154,inf
1.01208,inf
1.01273,inf
1.01321,inf
1.01364,inf
1.01421,inf
1.01467,inf
1.01512,inf
1.01565,inf
1.01623,inf
1.01672,inf
1.01717,inf
1.01768,inf
1.01836,inf
1.01876,inf
1.01905,inf
1.01959,inf
1.02025,inf
1.02073,inf
1.02115,inf
1.02172,inf
1.02218,inf
1.02263,inf
1.02316,inf
1.02374,inf
1.02424,inf
1.02469,inf
1.0252,inf
1.02588,inf
1.02627,inf
1.02657,inf
1.02711,inf
1.02776,inf
1.02824,inf
1.02866,inf
1.02924,inf
1.02969,inf
1.03014,inf
1.03068,inf
1.03126,inf
1.03175,inf
1.0322,inf
1.03271,inf
1.03339,inf
1.03378,inf
1.03408,inf
1.03462,inf
1.03527,inf
1.03575,inf
1.03618,inf
1.03675,inf
1.03721,inf
1.03766,inf
1.03819,inf
1.03877,inf
1.03926,inf
1.03971,inf
1.04022,inf
1.0409,inf
1.0413,inf
1.04159,inf
1.04213,inf
1.04279,inf
1.04326,inf
1.04369,inf
1.04426,inf
1.04472,inf
1.04517,inf
1.0457,inf
1.04628,inf
1.04677,inf
1.04722,inf
1.04773,inf
1.04842,inf
1.04881,inf
1.0491,inf
1.04964,inf
1.0503,inf
1.05078,inf
1.0512,inf
1.05177,inf
1.05223,inf
1.05268,inf
1.05321,inf
1.0538,inf
1.05429,inf
1.05473,inf
1.05524,inf
1.05593,inf
1.05632,inf
1.05661,inf
1.05715,inf
1.05781,inf
1.05829,inf
1.05871,inf
1.05928,inf
1.05974,inf
1.06019,inf
1.06072,inf
1.06131,inf
1.0618,inf
1.06224,inf
1.06276,inf
1.06344,inf
1.06383,inf
1.06412,inf
1.06467,inf
1.06532,inf
1.0658,inf
1.06622,inf
1.06679,inf
1.06725,inf
1.0677,inf
1.06823,inf
1.06882,inf
1.06931,inf
1.06976,inf
1.07027,inf
1.07095,inf
1.07134,inf
1.07164,inf
1.07218,inf
1.07283,inf
1.07331,inf
1.07373,inf
1.0743,inf
1.07476,inf
1.07521,inf
1.07575,inf
1.07633,inf
1.07682,inf
1.07727,inf
1.07778,inf
1.07847,inf
1.07886,inf
1.07915,inf
1.07969,inf
1.08034,inf
1.08082,inf
1.08124,inf
1.08181,inf
1.08227,inf
1.08272,inf
1.08326,inf
1.08384,inf
1.08433,inf
1.08478,inf
1.08529,inf
1.08598,inf
1.08637,inf
1.08666,inf
1.0872,inf
1.08785,inf
1.08833,inf
1.08876,inf
1.08932,inf
1.08978,inf
1.09023,inf
1.09077,inf
1.09136,inf
1.09184,inf
1.09229,inf
1.0928,inf
1.09349,inf
1.09388,inf
1.09417,inf
1.09471,inf
1.09536,inf
1.09584,inf
1.09627,inf
1.09683,inf
1.09729,inf
1.09774,inf
1.09828,inf
1.09887,inf
1.09935,inf
1.0998,inf
1.10031,inf
1.101,inf
1.10139,inf
1.10168,inf
1.10222,inf
1.10287,inf
1.10335,inf
1.10378,inf
1.10434,inf
1.1048,inf
1.10525,inf
1.10579,inf
1.10638,inf
1.10686,inf
1.10731,inf
1.10782,inf
1.10851,inf
1.1089,inf
1.10919,inf
1.10973,inf
1.11038,inf
1.11086,inf
1.11128,inf
1.11185,inf
1.11231,inf
1.11276,inf
1.1133,inf
1.11389,inf
1.11437,inf
1.11482,inf
1.11533,inf
1.11602,inf
1.11641,inf
1.1167,inf
1.11724,inf
1.11789,inf
1.11837,inf
1.11879,inf
1.11936,inf
1.11982,inf
1.12027,inf
1.12081,inf
1.1214,inf
1.12188,inf
1.12232,inf
1.12284,inf
1.12353,inf
1.12392,inf
1.12421,inf
1.12475,inf
1.1254,inf
1.12588,inf
1.1263,inf
1.12687,inf
1.12733,inf
1.12778,inf
1.12831,inf
1.12891,inf
1.12939,inf
1.12983,inf
1.13035,inf
1.13104,inf
1.13143,inf
1.13171,inf
1.13226,inf
1.13291,inf
1.13339,inf
1.13381,inf
1.13438,inf
1.13484,inf
1.13529,inf
1.13582,inf
1.13642,inf
1.1369,inf
1.13734,inf
1.13786,inf
1.13855,inf
1.13894,inf
1.13922,inf
1.13976,inf
1.14042,inf
1.1409,inf
1.14132,inf
1.14189,inf
1.14235,inf
1.1428,inf
1.14333,inf
1.14393,inf
1.14441,inf
1.14485,inf
1.14536,inf
1.14606,inf
1.14644,inf
1.14673,inf
1.14727,inf
1.14793,inf
1.14841,inf
1.14883,inf
1.14939,inf
1.14985,inf
1.15031,inf
1.15084,inf
1.15144,inf
1.15192,inf
1.15236,inf
1.15287,inf
1.15357,inf
1.15395,inf
1.15424,inf
1.15478,inf
1.15544,inf
1.15592,inf
1.15634,inf
1.1569,inf
1.15736,inf
1.15782,inf
1.15835,inf
1.15895,inf
1.15943,inf
1.15987,inf
1.16038,inf
1.16108,inf
1.16146,inf
1.16175,inf
1.16229,inf
1.16295,inf
1.16342,inf
1.16384,inf
1.16441,inf
1.16487,inf
1.16532,inf
1.16586,inf
1.16645,inf
1.16693,inf
1.16737,inf
1.16789,inf
1.16858,inf
1.16897,inf
1.16926,inf
1.1698,inf
1.17045,inf
1.17093,inf
1.17135,inf
1.17191,inf
1.17238,inf
1.17283,inf
1.17336,inf
1.17396,inf
1.17444,inf
1.17488,inf
1.17539,inf
1.17609,inf
1.17648,inf
1.17676,inf
1.1773,inf
1.17796,inf
1.17844,inf
1.17886,inf
1.17942,inf
1.17988,inf
1.18034,inf
1.18087,inf
1.18147,inf
1.18195,inf
1.18239,inf
1.1829,inf
1.1836,inf
1.18398,inf
1.18427,inf
1.18481,inf
1.18547,inf
1.18595,inf
1.18637,inf
1.18693,inf
1.18739,inf
1.18784,inf
1.18838,inf
1.18898,inf
1.18946,inf
1.18989,inf
1.19041,inf
1.19111,inf
1.19149,inf
1.19178,inf
1.19232,inf
1.19298,inf
1.19345,inf
1.19387,inf
1.19443,inf
1.1949,inf
1.19535,inf
1.19588,inf
1.19649,inf
1.19696,inf
1.1974,inf
1.19791,inf
1.19861,inf
1.199,inf
1.19928,inf
1.19982,inf
1.20048,inf
1.20096,inf
1.20138,inf
1.20194,inf
1.2024,inf
1.20286,inf
1.20339,inf
1.20399,inf
1.20447,inf
1.20491,inf
1.20542,inf
1.20612,inf
1.2065,inf
1.20679,inf
1.20733,inf
1.20799,inf
1.20846,inf
1.20888,inf
1.20945,inf
1.20991,inf
1.21036,inf
1.2109,inf
1.2115,inf
1.21198,inf
1.21241,inf
1.21293,inf
1.21363,inf
1.21401,inf
1.21429,inf
1.21484,inf
1.21549,inf
1.21597,inf
1.21639,inf
1.21695,inf
1.21741,inf
1.21787,inf
1.2184,inf
1.21901,inf
1.21948,inf
1.21992,inf
1.22043,inf
1.22113,inf
1.22152,inf
1.2218,inf
1.22234,inf
1.223,inf
1.22348,inf
1.2239,inf
1.22446,inf
1.22492,inf
1.22537,inf
1.22591,inf
1.22651,inf
1.22699,inf
1.22742,inf
1.22794,inf
1.22864,inf
1.22902,inf
1.22931,inf
1.22985,inf
1.23051,inf
1.23098,inf
1.2314,inf
1.23196,inf
1.23242,inf
1.23288,inf
1.23341,inf
1.23402,inf
1.23449,inf
1.23493,inf
1.23544,inf
1.23615,inf
1.23653,inf
1.23681,inf
1.23735,inf
1.23801,inf
1.23849,inf
1.23891,inf
1.23946,inf
1.23993,inf
1.24038,inf
1.24092,inf
1.24152,inf
1.242,inf
1.24243,inf
1.24295,inf
1.24365,inf
1.24403,inf
1.24432,inf
1.24486,inf
1.24552,inf
1.24599,inf
1.24641,inf
1.24697,inf
1.24743,inf
1.24789,inf
1.24842,inf
1.24903,inf
1.2495,inf
1.24994,inf
1.25045,inf
1.25116,inf
1.25154,inf
1.25182,inf
1.25236,inf
1.25302,inf
1.25349,inf
1.25391,inf
1.25447,inf
1.25494,inf
1.25539,inf
1.25593,inf
1.25653,inf
1.25701,inf
1.25744,inf
1.25796,inf
1.25866,inf
1.25904,inf
1.25932,inf
1.25987,inf
1.26052,inf
1.261,inf
1.26142,inf
1.26198,inf
1.26244,inf
1.2629,inf
1.26343,inf
1.26404,inf
1.26451,inf
1.26494,inf
1.26546,inf
1.26616,inf
1.26654,inf
1.26683,inf
1.26737,inf
1.26803,inf
1.2685,inf
1.26892,inf
1.26948,inf
1.26994,inf
1.2704,inf
1.27093,inf
1.27154,inf
1.27202,inf
1.27245,inf
1.27296,inf
1.27367,inf
1.27405,inf
1.27433,inf
1.27487,inf
1.27553,inf
1.27601,inf
1.27643,inf
1.27698,inf
1.27745,inf
1.2779,inf
1.27844,inf
1.27905,inf
1.27952,inf
1.27995,inf
1.28047,inf
1.28117,inf
1.28155,inf
1.28183,inf
1.28238,inf
1.28303,inf
1.28351,inf
1.28393,inf
1.28448,inf
1.28495,inf
1.28541,inf
1.28594,inf
1.28655,inf
1.28702,inf
1.28745,inf
1.28797,inf
1.28868,inf
1.28905,inf
1.28934,inf
1.28988,inf
1.29054,inf
1.29101,inf
1.29143,inf
1.29199,inf
1.29245,inf
1.29291,inf
1.29344,inf
1.29405,inf
1.29453,inf
1.29495,inf
1.29547,inf
1.29618,inf
1.29656,inf
1.29684,inf
1.29738,inf
1.29804,inf
1.29851,inf
1.29893,inf
1.29949,inf
1.29995,inf
1.30041,inf
1.30094,inf
1.30156,inf
1.30203,inf
1.30246,inf
1.30297,inf
1.30368,inf
1.30406,inf
1.30434,inf
1.30488,inf
1.30554,inf
1.30602,inf
1.30644,inf
1.30699,inf
1.30745,inf
1.30791,inf
1.30845,inf
